organisasjonsnummer,navn,hjemmeside,epostadresse,telefon,mobil,erIKonsern,antallAnsatte,registrertIForetaksregisteret
811655902,CAPRI CLUB NORGE,www.capriclubnorge.no,,,958 16 942,False,,False
811703672,CHARLOTTENLUND VIDEREGÅENDE SKOLES SENIORLAG,,hildegunn.plassen@gmail.com,,997 13 741,False,,False
811798452,COHKKADIEVA TRIMKLUBB,,,,99 02 53 30,False,,False
812273442,CARITAS BERGEN,caritasbergen.no,info@caritasbergen.no,90 83 97 04,919 20 202,False,,False
813017032,CELLOLYD,www.cellolyd.com,lisa@cellolyd.com,,959 28 954,False,,False
813372142,CONGOLESE YOUTH EMPOWERMENT (CYE),,papyzef@hotmail.com,,977 76 853,False,,False
813395932,CANTARA,www.cantara.no,bard.lind@gmail.com,,932 34 963,False,,False
814206432,CONCERNED ARTISTS NORWAY,www.concernedartists.wordpress.com,youcancontactcan@gmail.com,,980 77 906,False,,False
815082702,CAVALIERKLUBBEN GRUPPE HORDALAND,,,,,False,,False
815131002,CONCERNED STUDENTS BERGEN,concernedstudents.no/concerned-students-bergen/,bergen@concernedstudents.no,,,False,,False
815350472,CHAÎNE DES RÔTISSEURS BAILLIAGE DE BERGEN,www.chaine.no,bas@bbb.no,,410 28 000,False,,False
815436342,COWI HAMAR BIL,www.cowi.no,jouu@cowi.no,02694,450 70 250,False,,False
815963822,CHRISTIANIA JÆGERKLUB,,dag.klaveness@dnb.no,,926 48 045,False,,False
815984722,CANONICUS UIA,,canonicus.uia@gmail.com,,,False,,False
816183162,CBMC NORGE,,,,,False,,False
816332532,C'EST LA VIE,,,,,False,,False
816607612,CAPSLOCK LAN,,mad.sy@hotmail.com,,974 20 051,False,,False
816688922,CON SPIRITO,,,,,False,,False
816746132,CORC MOTORSPORT KLUBB NORGE,www.corc-motorsport.no,,,404 68 678,False,,False
816884152,CONNECT NATIONS,,connectnations@gmail.com,,458 17 167,False,,False
816988942,CRAZING-FLORØ TEN SING,,jorunn.bakke.nydal@sfj.no,,913 44 734,False,,False
817144632,CHADM,,,,,False,,False
817250122,CLASSIC BIKERS SKJERPE,,,,,False,,False
817834272,CIVITAN CLUB HAUGESUND,,karifpeder59@gmail.com,,404 93 732,False,,False
818718772,CHRIST THE HOPE OF GLORY CHURCH,,,,,False,,False
819623902,CLUB PAN-EUROPEAN NORWAY,,,,,False,,False
820810252,CRAZY QUEENS MC SØRLANDET,,,,,False,,False
821622212,C-BASEN 2005 HAUGJORDET UNGDOMSSKOLE,,,,,False,,False
821633982,COMNICON,,,,,False,,False
821868882,CLUB FRANKIA NORWAY,,clubfrankianorway@gmail.com,,900 53 703,False,,False
822067522,CAVERION ARENDAL BIL,,,,,False,,False
823650752,COME ALIVE,,,,,False,,False
824480672,COLA LOUNGE,,,,,False,,False
825154132,CHUNNAKAM UTHAVUM KARANGAL NORWAY,,,,,False,,False
827546852,CAPTURE,,dag.bogstrand@gmail.com,,996 13 560,False,,False
827971162,C.DAHL MOTORSPORT,,,,,False,,False
828858912,CIVITAN VICTORIA,,,,,False,,False
829035022,CONCORDIAFORENINGEN,,,,,False,,False
829683962,CIVITAN HADELAND,civitan.no,bente.ruud@civitan.no,93 41 68 94,917 71 672,False,,False
830143572,CDH NORGE,,,,,False,,False
830479902,CATCHY CREW ORG.,,,,,False,,False
830486402,CALLING FROM YAHUAH,,jrslangenberg@hotmail.com,,45323248,False,,False
830829822,CARITAS SANDEFJORD,,,,,False,,False
831091142,"CUSH ORGANISATION FOR DEVELOPMENT ADVOCACY(CODA), NORGE",,simonrm@ymail.com,,922 71 443,False,,False
831192232,CORPRT,,,,,False,,False
831481072,CAMERA LUCIDA,,,,,False,,False
831502282,CLUSTER SAGENE,,,,,False,,False
831686642,CHIRAGH MEDIA FRIVILLIG ORGANISASJON,,nazifajalali74@gmail.com,,41323031,False,,False
831896922,CHATEU NIDAROS 99,,,,,False,,False
832300632,C-LAGET,,h.s.valdermo@gmail.com,,469 46 759,False,,False
832356492,CITROEN PIECES LHM,,,,,False,,False
833056182,CLASSIC CAR REGISTER AND RESCUE OF SCANDINAVIA,,,,,False,,False
833549952,CHRISTMAS DANCE NORWAY,,,,,False,,False
833924222,CALVARY WIDE FELLOWSHIP NORWAY,,,,,False,,False
834652722,CHABAD LUBAVITCH NORGE,,,,,False,,False
834866722,CFE ARRANGEMENTSKLUBB,,,,,False,,False
835149382,CISTA PRIRODA REN NATUR,,,,,False,,False
845273952,CHARLOTTENLUND SANITETSFORENING,,,73 91 93 31,,False,,False
881312662,CIRCLE MUSIC,,,67 53 91 70,,False,,False
881636972,CALM CONSULTING,,martin.paskino@gmail.com,,,False,,False
883617592,CIVITAN CLUB BAMBLE,,kari.kasland@sf-nett.no,35 96 11 24,91112060,False,,False
884364302,CHRISTIANSSAND STORBAND,www.facebook.com/chrstorband/,postcsb@gmail.com,,982 60 823,False,,False
884494672,COLLEGIUM,,,64 86 99 86,,False,,False
885244432,CHAPTER SOUTH NORWAY,,,,,False,,False
885455182,CAMERON SPORT OG SOSIAL KLUBB,,,51 41 50 00,,False,,False
886515952,CHARITY CHAPTER,,simon.mesfin@playernet.no,63 84 32 96,93821793,False,,False
886524072,CLASSIC RACING CLUB,www.crc.no,rolfholmlund@yahoo.no,56 35 80 05,95068422,False,,False
887769982,CREDO BIBELSKOLE,credobibelskole.no,post@credobibelskole.no,55 98 78 00,467 79 206,False,7.0,False
888844902,CLARINOR MUSIC,www.sandnes-klarinettkor.no,post@sandnes-klarinettkor.no,51 97 41 00,414 43 043,False,,False
890316522,CANTARE,www.cantare.no,dordi.fiskum@gmail.com,,952 81 562,False,,False
890926312,CK VALDRES,,post@ckvaldres.no,,913 89 189,False,,False
891376022,CHEM-CON AS VELFORENING,,hakon@chem-con.no,51 63 59 20,450 07 604,False,,False
892104662,CAVERION HARSTAD MONTØRKLUBB,,,77 05 76 50,,False,,False
892276722,CONCORDIA GILDET I DRAMMEN,,roar.haug@gmail.com,,982 14 823,False,,False
892288402,CHELSEA SUPPORTERS NORWAY,www.chelsea.no,markus@chelsea.no,,,False,,False
892497362,CORPTRUST NR 7,www.nameshine.com,office@nameshine.com,45 29 00 20,452 90 020,False,,False
892518602,CORPTRUST NR 8,www.nameshine.com,office@nameshine.com,,452 90 020,False,,False
892527652,CORPTRUST NR 9,www.nameshine.com,office@nameshine.com,,452 90 020,False,,False
893100792,CLUB HRG NORWAY,,club-hrg.no@hrgworldwide.com,23 35 36 00,,False,,False
893120432,CHRISTIANIA BLÅSEENSEMBLE,,christianiablaseensemble@gmail.com,,412 81 024,False,,False
893185232,CAMPINGFOLKET,,gmkaino@hotmail.com,,988 75 103,False,,False
893627472,CAQALAIN RELIGIUS & CULTURAL CENTER,,j_avid_@hotmail.com,63 84 11 49,480 50 432,False,,False
893847642,CONCORDE,,,,97785029,False,,False
894663782,"CITUS, ALTIUS, FORTIUS",,idrett@hotmail.com,,98819058,False,,False
895021822,CERVIX VOCALES,,,,,False,,False
895140112,CHRISTIANIA FREESTYLEKLUBB,,,66 85 00 10,415 55 557,False,,False
895610992,COACHING ALUMNI,,r-stenkl@online.no,,905 30 076,False,,False
896376292,CHIME,chime.no,,,92039618,False,,False
896948792,CISV ØSTFOLD,www.cisv.no,ostfold@no.cisv.org,,,False,,False
897024152,CAMPUS STUDENTSAMFUNN,,styret@tappetarnet.no,,,False,,False
897128292,"COOP ALLIANSEN, DEN NORSKE AVDELING",,,22 89 95 34,90175437,False,,False
897935872,CICIGNON BYDELSFORENING,,,,908 43 538,False,,False
898284212,COMET V.S.O.P,,,69 18 02 63,97640119,False,,False
898285472,CINDIS HOUSE NORWAY,,cindis.house@gmail.com,,48059699,False,,False
898412962,CHRISTIANIA SKYDESELSKAB,,pererikandersson51@gmail.com,,,False,,False
899033582,CERAGON BEDRIFTIDRETTSLAG,,yed@ceragon.com,,97661406,False,,False
899194292,CREATIVEMODE,,thomas.creativemode@gmail.com,,909 73 904,False,,False
899203232,CENTER FOR DEAF CULTURE DEVELOPMENT (CDCD),,cdcdbd95@yahoo.com,,47633606,False,,False
899295692,CDN - CASAS DA NORUEGA,www.futuroriodejaneiro.no,post@futuroriodejaneiro.no,,,False,,False
911586819,CIRKA CIRKUS,cirkacirkus.no,cirkacirkus.baerum@gmail.com,,970 90 199,False,,False
911611759,CATERHAM CLUB NORWAY,www.caterhamclub.no,,,90963907,False,,False
911630435,CLUB E31 NORGE,www.8er.org,tnordhus@slb.com,95 15 61 25,,False,,False
911642042,CLAWS,,tony@thelastkick.com,,934 88 238,False,,False
911663236,CONQUEST MC DRAMMEN,,conquestmcdrafn@gmail.com,,,False,,False
911680580,CREO MØRE OG ROMSDAL,,mfomr@musikerorg.no,94 52 53 26,996 99 387,False,,False
911722208,"CLAP HANDS, GAMBIA",,kvestbo@online.no,77 65 77 18,92286760,False,,False
911723263,CONVIVIUM SLOW FOOD HARDANGER,,slowfoodhardanger@gmail.com,,958 25 164,False,,False
911730812,CK FÆRDER,,,,920 93 771,False,,False
911742357,CHILDRIGHTNOW INTERNATIONAL,,,,971 43 589,False,,False
911802139,COASTLINE,,ovindberg@hotmail.com,,97773067,False,,False
911810018,CUSTOM GARAGE STAVANGER,,,,,False,,False
911818434,CHRISTIAN ASSOCIATION FOR REGIONAL DEVELOPMENT - EUROPE,www.cardeurope.org,edwina@cardeurope.org,,91376289,False,,False
911825236,COUNCIL FOR NUTRITIONAL AND ENVIRONMENTAL MEDICINE,www.conem.org,info@conem.org,,,False,,False
911884062,COMPANY MC,,,,,False,,False
911920816,CUBAHJELPEN,,,,93 28 16 25,False,,False
911947382,CITICLUB,,,,,False,,False
911986019,CONTRACTING KUNDEFORUM,www.brukcon.no,janne@hauge-elektro.no,,905 46 713,False,,False
912052184,CYKLEKLUBEN FOR FEIT TIL Å FLY,,,,,False,,False
912054446,COLLEGIUM ANIMALIS,,collegium_animalis@hotmail.com,,417 51 132,False,,False
912121240,CHRISTIANIA CYKLEFORENING,,,,,False,,False
912196062,CHILDRENS CARE MISSION,,,,,False,,False
912202984,C3 CHURCH FREDRIKSTAD,www.c3fredrikstad.no,ruben@c3fredrikstad.no,,411 03 452,False,,False
912203085,COWI BIL TROMSØ,,eisd@cowi.com,,414 09 037,False,,False
912218171,CICIGNON SALONGORKESTER,www.cso.no,kjell.jorgen@prosessord.no,,45242553,False,,False
912289168,CHIN CHRISTIAN ASSOCIATION OF EUROPE (CCAE),,hceumang@yahoo.com,51 48 62 73,95961473,False,,False
912298159,CHIN COMMUNITY IN SANDNES (CCS),,cinzahmorris@gmail.com,45 48 60 16,451 22 898,False,,False
912392937,CONCERNED STUDENTS NORWAY,,,,468 60 877,False,,False
912424324,CEREBRAL PARESE-FORENINGEN TROMS FYLKESAVDELING,www.cp.no,thompett7@yahoo.no,,922 01 006,False,,False
912435601,CANDIDATA,site.uit.no/candidata/,candidata@cs.uit.no,,,False,,False
912496732,CLEAR WATER AFRICA,,,,,False,,True
912503356,CHORUS-80,,,,,False,,False
912596397,CAMEROON CULTURAL UNION BERGEN,,camcubbergen@yahoo.com,,995 63 319,False,,False
912601374,CHERRIES PROGRAM,www.cherriesprogram.org,cherriesprogram@gmail.com,,,False,,False
912622959,"CITIUS, ALTIUS, FORTIUS!",,cafidrett@gmail.com,,,False,,False
912631559,CHRIST EMBASSY CHURCH,,christembassy_norge@yahoo.com,,004746272727,False,,False
912642038,CARTHAGO CLUB NORWAY,,,47 65 46 90,,False,,False
912825205,"COOP VETERANKLUBB I BUSKERUD, VESTFOLD OG TELEMARK",,bjorge.elisabeth@gmail.com,33 04 48 12,975 29 290,False,,False
912837874,CHILDREN EDUCATION SUPPORT PROGRAM (CESP) - NORWAY,,mystese@gmail.com,,90642085,False,,False
912880850,CLUB RENAULT NORVÈGE,www.renaultklubben.no,renault@homemlvik.no,,472 45 173,False,,False
913001699,CLUE HJELPEFOND,,bard@muztang.no,,926 33 544,False,,False
913054296,CLEAN OCEAN,,aage@wee.no,,98 21 81 55,False,,False
913061810,CUSTOM COWBOYS,www.customcowboys.no,,,930 07 569,False,,False
913108701,CISV NORDHORDLAND,,rubendejong00@utlook.com,,919 95 457,False,,False
913145305,CHRISTIAN FELLOWSHIP CHURCH,,serawit75@yahoo.ca,,967 24 004,False,,False
913210298,CHARLOTTENLUND TRIMGRUPPE FOR PENSJONISTER,,,,,False,,False
913227123,CONCORDIA OSLO,,zavatec20@yahoo.com,,917 50 106,False,,False
913258835,CARING HOMES VILLAGE,,ragnhild@caringhomes.no,,950 46 869,False,,False
913366239,"CLASSIC MC, RINGERIKE - HADELAND",,,,,False,,False
913377788,CARCINOR MIDT-NORGE,,,,,False,,False
913443071,CANDYS INNEBANDY,,,,,False,,False
913503503,CARITAS ST.LAURENTIUS,caritas.no/drammen/,cardrammen@gmail.com,95 83 75 97,482 18 048,False,,False
913531132,COMMANDERIE DE BORDEAUX Á OSLO,,,,,False,,False
913709543,CHEERFUL SUPPORT GROUP,,mathewinoslo@gmail.com,,45524362,False,,False
913820924,CREATIVE SOCIETY,,alex-kat@list.ru,,998 61 848,False,,False
913846699,CEREBRAL PARESE-FORENINGEN INNLANDET,cp.no,leder.innlandet@cp.no,,994 02 033,False,,False
914096308,CANTUS CORDI,www.cantuscordi.com,,,,False,,False
914099870,COWI BEDRIFTSLAG HAUGESUND,cowi.no,jkve@cowi.com,,992 59 607,False,,False
914170761,CURATUS - LINJEFORENING FOR SYKEPLEIERSTUDENTER VED UIA,www.stastudent.no/studentaktiviteter/curatus/,curatus.uia@hotmail.com,,,False,,False
914171687,CACHETUR.NO,www.cachetur.no,,,,False,,False
914188237,CGG NORWAY SOCIAL,,,24 15 86 00,,False,,False
914206537,CONCERNED SCIENTISTS NORWAY,cs-n.org,b.k.sjafjell@jus.uio.no,22 85 93 81,,False,,False
914247012,CEGAL BEDRIFTSIDRETTSLAG,,,,,False,,False
914276586,CAFE VESTHEIM,,,,95 71 64 68,False,,False
914354935,CAMEL CLUB NORWAY,,,,,False,,False
914372526,CAMP773 FORENESET,camp773.no,kontakt@camp773.no,,950 31 101,False,,False
914410770,CIRKA LOKA,,cirkaloka.oslo@gmail.com,,924 38 463,False,,False
914618614,CENTER FOR CULTURAL DIPLOMACY AND DEVELOPMENT,,maryam.imani@gmail.com,,,False,,False
914744695,CARPE FUTURUM,,jon@carpefuturum.org,,971 24 442,False,,False
914838649,CLOUD SECURITY ALLIANCE NORWAY CHAPTER,www.cloudsecurityalliance.no,info@cloudsecurityalliance.no,,,False,,False
914872103,CHIN STUDENT UNION IN NORWAY,www.facebook.com/CSUNORWAY,csunorge@gmail.com,,942 45 233,False,,False
914881439,CAFETEATRET FREDRIKSTAD,,tru-kors@online.no,,917 77 590,False,,False
914885590,CHRISC AGDER,,kamilla.aspelund@lyse.net,,941 76 182,False,,False
914900689,COAST,,coastband2015@gmail.com,,92634606,False,,False
914959217,COURSE OF FATE,,,,936 46 565,False,,False
914974615,CHILD CARE THAILAND GEILO,www.ccthai.org,post@ccthai.org,,95 21 12 68,False,,False
915009026,CLUB VIN VIL,,,,,False,,False
915015506,COMPANIET,,,,46 95 80 21,False,,False
915023053,CHEETAH RACING,,,,,False,,False
915023657,COMPASIO NORGE,,,,,False,,False
915026575,CAVERION ÅLESUND VELFERDSKLUBB,,,,,False,,False
915064612,CREDO BRASS,,tstoylen@broadpark.no,,92606332,False,,False
915087663,CAVERION VELFERD MO I RANA,,monica.langseth@caverion.no,75 12 96 00,482 22 046,False,,False
915101828,CHRISTIAN FILM CENTER,,eikfrank@hotmail.com,,934 91 010,False,,False
915109829,CITIZENS CRIME WATCH FEDERATION PHILIPPINES/NORWAY,,oddivarsandvik@rocketmail.com,69 70 66 95,93859248,False,,False
915121462,CHIN COMMUNITY IN ASKER,,postcca400@gmail.com,,99309369,False,,False
915131093,CELSA ARMERINGSSTÅL BIL,celsa.idrettenonline.no,kristingrue.asheim@celsanordic.com,,90064614,False,,False
915193080,CHRISC TRONDHEIM,,chrisctrondheim@gmail.com,,478 48 734,False,,False
915194915,COCHEPLASSEN VELFORENING,,cocheplassen.vel@gmail.com,35 96 21 67,980 71 855,False,,False
915279821,CAPOEIRA CORDAO DE OURO,www.capoeiraklubb.no,contramestreturbina@hotmail.com,,463 63 482,False,,False
915305229,CAMBODIA STREET HELP,,cambodiastreethelp@gmail.com,,984 54 167,False,,False
915328881,CELLARCUBE,www.cellarcube.no,post@johannazwaig.com,,936 12 562,False,,False
915336140,CHILDREN OF THE UNIVERSE,,childrenoftheuniversenorway@gmail.com,,948 66 131,False,,False
915445497,COVERMAN,,,,,False,,False
915446299,CREO-KLUBBEN I STAVANGER SYMFONIORKESTER,,orkesterkomiteen@sso.no,,,False,,False
915460704,COMMUNITY HOPE NORGE,,eigil.samset@gmail.com,,92831484,False,,False
915483984,CHRISTIANIA ATLETKLUBB,www.christianiaak.no,post@christianiaak.no,,92295441,False,,False
915557112,CONCORDIA GILDE DRUIDELOSJENE FGDO ELVERUM,,morten@tuca.no,,913 23 986,False,,False
915582168,CBIL RETRO,,britthildehattrem@hotmail.com,38181307,47041168,False,,False
915625770,CHRIST PALACE CHURCH INTERNATIONAL.,,gaiyeki@yahoo.com,22 71 77 77,959 93 327,False,,False
915672531,CHARITYHOST,CharityHost.no,post@charityhost.no,,401 20 730,False,,False
915674119,CONTEMPORARY ART STAVANGER,www.contemporaryartstavanger.no,,,99710135,False,,False
915728022,CITRINTUNET VELFORENING,,citrintunet.vel@gmail.com,,,False,,False
915735983,CHRIST BELIEVERS' INTERNATIONAL MINISTRY,www.cbimenglishservice.com/,cbim.bergenchurch@gmail.com,55 16 95 08,977 83 543,False,,False
915753574,COOP ORKLA MØRE BUTIKKLEDERKLUBB,,anne.marit.svensli@prix.coop.no,91 18 07 42,,False,,False
915788165,COLOR LINES SPORTSKLUBB,,clsportsklubbkrs@colorline.no,,,False,,False
915793711,CONCORD STAVANGER,,,,,False,,False
915802311,CARITAS STAVANGER,,stavanger@caritas.no,51 51 70 20,,False,,False
915932282,COMITATO DELLA DANTE ALEGHIERI HALDEN/FREDRIKSTAD,www.dantehalden.org,terje.aagaard@online.no,,905 50 319,False,,False
915935680,CATTUS VOX NORGE,,cattus.vox.norge@dialogas.no,,469 16 453,False,,False
915947239,CAMPUSFESTIVALEN,,,,,False,,False
915972365,CHIARI & SYRINGOMYELI NORGE,,,,97618387,False,,False
915998763,COMUNIDAD CHEMAYA,,athan109@hotmail.com,,409 45 244,False,,False
916020082,CHRISTIAN COMPUTER DONATION,,,,,False,,False
916020716,CORSONUS,,corsonus15@gmail.com,,909 54 409,False,,False
916023774,CHILDREN NEED PARENTS,,barntrengerforeldre@gmail.com,,95701536,False,,False
916062168,CHRISTOFFER LEINE THUNES MINNEFOND,,,,,False,,False
916105827,CHARLOTTENLUND OG BRUNDALEN ARBEIDERLAG,,terje.osnes@ntebb.no,,,False,,False
916137478,COMITES OSLO,www.comitesoslo.org,info@comitesoslo.org,,48188068,False,,False
916145993,CONCRETE MC,,magnusflaesen@msn.com,,,False,,False
916154526,CROWD MC,,,73 51 77 54,,False,,False
916204590,CHORUS EGERSUND,,torunngtengesdal@yahoo.no,,48990146,False,,False
916246609,CITROEN DS/ID KLUBB NORGE,,,,,False,,False
916258836,CURRICULUS,,curriculus.linjeforening@gmail.com,,,False,,False
916259913,CHARLYS CARE,,fodfof2005@yahoo.com,,909 95 809,False,,False
916264771,CLASSIC CRUISERS,classic-cruisers.no,classic-cruisers@outlook.com,,,False,,False
916280300,COSTATRIMMEN,costatrimmen.com,paul.knappe@yahoo.no,,906 94 032,False,,False
916287410,CONNECTION NESSET,,connection_nesset@nessetpost.no,,995 49 333,False,,False
916316895,CATALYSTS,www.catalysts.no,lisa@catalysts.no,,901 33 927,False,,True
916473931,COMPAGNIE DES MOUSQUETAIRES D ARMAGNAC - ESCADRON NORVEGE,,frederognlien@yahoo.no,,484 06 043,False,,False
916488882,CONSOLS VENNER,,,,909 98 192,False,,False
916650523,CARN NORGE,,,,,False,,False
916788037,CISV OPPLAND,oppland.cisv.no/,styretcisvoppland@gmail.com,,482 47 881,False,,False
916828799,CHATEAU NEUF SPELEMANNSLAG JUNIOR,,,,,False,,False
916854854,CHRISTIANSUND US CARS & MUSIC CLUB,,,,,False,,False
916861532,CONCERNED STUDENTS TROMSØ,,,,,False,,False
916861710,CELESTIAL GAMING,www.celestialgaming.no,benedichte@gmail.com,,,False,,False
916901933,CORX OG ÅMOT BARNEKOR,,,,,False,,False
916921365,CIRCUIT RACING TEAM,,ronny.vold@no.spiraxsarco.com,,474 52 559,False,,False
916949936,CANARIDANSEN,,,,,False,,False
916960824,CHOREOMUNDUS ALUMNI ASSOCIATION,,,,,False,,False
916967144,COSMIC ORKESTER,,,,,False,,False
916996322,CHRISTIANSTEEN PRIVATE CROQUET-CLUB,,,,,False,,False
917089817,CHILDREN'S VOICES,,,,,False,,False
917122067,CHONKWON VESTLI TAEKWONDO KLUBB,,,,,False,,False
917184208,CORVUS MC TRØNDELAG,,,,,False,,False
917186413,CREOS NASJONALBALLETTKLUBB,,,,,False,,False
917189315,CAMPUSTINGET I FINNMARK,,,,,False,,False
917198705,CK JARLSBERG,www.ckjarlsberg.no,post@ckjarlsberg.no,,958 32 721,False,,False
917237875,CLASSIC RACING TEAM,,,,,False,,False
917246963,COFFEEREAD,,synne@riksheim.org,,412 51 588,False,,False
917257469,CREVENTS,,,,,False,,False
917260389,CHRISTIAN CHAT,,hvass91@hotmail.com,,406 02 844,False,,False
917260540,CAAMORA NORWAY,,,,,False,,False
917271798,CHARMONI,,,,,False,,False
917310963,CLIMBING TOGETHER,climbingtogether.no,,,,False,,False
917333351,CHILDRENS NEEDS,,,,,False,,False
917351821,COOP SØRVEST BUTIKKLEDERKLUBB,,csv.butikkledere@coop.no,,960 95 377,False,,False
917424128,CAMP MØVIK,,post@campmovik.no,,950 63 543,False,,False
917488835,COPERNICHOIR,,karro.san@hotmail.com,,902 26 024,False,,False
917493014,CAMPUSTINGET I NARVIK,,ctin@uit.no,76 96 62 09,,False,,False
917505365,CASAS DA NORUEGA,,,,,False,,True
917509832,CADILLAC LA SALLE CLUB NORWAY,,,,,False,,False
917512280,CPS NORWAY,,,,,False,,False
917617465,CK NOR- MELHUS,,flex78@gmail.com,,400 46 446,False,,False
917656126,COLLA VOCE,www.kirken.no/nb-no/fellesrad/bergen/menigheter/olsvik/aktiviteter/colla-voce/,kontakt@collavoce.no,,930 56 218,False,,False
917687811,COALITION FOR EPIDEMIC PREPAREDNESS INNOVATIONS,www.cepi.net,secretariat@cepi.net,,,False,88.0,False
917695318,CHR.VOLDS VEILAG,,,,,False,,False
917723885,CHAKRAS,,,,,False,,False
917741891,CONGOLESE-NORWEGIAN SOCIO-ECONOMIC CHAMBER OF COMMERCE (CNSECC),,,,,False,,False
917856850,CLASSIC SCOOTERS CLUB BERGEN,,ebj@ktb.no,,916 10 030,False,,False
917865787,CARITAS TRONDHEIM,caritastrondheim.no,admin@caritastrondheim.no,,917 96 237,False,,False
917941866,CAVA2018,,,,,False,,False
917977895,CHICKLAND KULTURSCENE,,tom@pustehullet.no,,947 90 117,False,,False
917986002,CHIN COMMUNITY IN GJESDAL (CCG),,rammuan28@yahoo.com,,469 58 282,False,,False
918039643,CARGILL PERSONALFORENING FLORØ,,,,,False,,False
918087656,CRE8 KONFERANSEN,cre8konferansen.com,cre8konferansen@gmail.com,,,False,,False
918119647,CONQUEST MC,,,,,False,,False
918122761,CISV SOTRA & ØYGARDEN LOKALLAG,,,,,False,,False
918185402,CREDO FRIKIRKE TRONDHEIM,,,,,False,,False
918319697,COLOMBIAN-NORWEGIAN CHAMBER OF COMMERCE,www.colombia-norway.com,an@colombia-norway.com,,48404109,False,,False
918383026,CHRISTIANSSAND FOTBALLKLUBB,,,,,False,,False
918390375,CAMPHILL MEDARBEIDERENES FELLESØKONOMILAG,,,,,False,,False
918401997,CORIOLISKVARTETTEN,www.coriolisquartet.no,post@coriolisquartet.no,,997 10 934,False,,False
918435719,COMMUNITY BIBLE STUDY NORGE,,,,,False,,False
918526463,COJONES MOTORCYCLECLUB,,,,,False,,False
918611118,CHRISTIANIA LACROSSE,,christiania.lacrosse.k@gmail.com,,913 88 377,False,,False
918617442,CLEAN SHORES GLOBAL,www.cleanshores.global,hogne.kile@cleanshores.global,,901 16 895,False,,False
918622772,CANTUS VITALE,,else.s.vestre@haugnett.no,,918 82 431,False,,False
918668705,CHECKPOINT SKÅBU,,,,,False,,False
918668756,CREO-KLUBBEN NMH,,,,,False,,False
918672745,CALLIO,www.callio.net,kristine.oygardslia@gmail.com,,452 02 660,False,,False
918703985,CUBE AGORA,,,,,False,,False
918716009,CHERAT VELFERDSFORENING,,,,913 19 199,False,,False
918756019,CHRISTIANIA MODEL JÆRNBANE SELSKAB,,hilsen1947ml@hotmail.com,,90 91 90 22,False,,False
918757066,CYCLIC VOMITING SYNDROME ASSOCIATION NORDIC,www.cvsanordic.net,cvsa@cvsanordic.net,,,False,,False
918798242,COWI-VETT AVD. FREDRIKSTAD,,bsbstad@gmail.com,,92072095,False,,False
918893113,CROSS APPLICATION CONSULTING BEDRIFTSIDRETTSLAG,xac.no,torjus@xac.no,,,False,,False
918958037,CENTRE DE REVEIL SPIRITUEL WALESA MINISTRIES (CRS),,,,96975698,False,,False
918982728,CHANGEMAKER,,,,,False,6.0,False
919007419,CIMAC NMA NORWAY,,,,,False,,False
919008261,CISV OS LOKALLAG,www.hordaland.cisv.no,os.hl@no.cisv.org,,,False,,False
919069864,COLOR LINE SENIORKLUBB AVD. VESTFOLD (VESTFOLDLINJENE),,,,,False,,False
919141662,"CLASS OF 08, CIS MOSS",,,,,False,,False
919150440,CABO VERDE ORGANISASJONEN,,danny.v.soares84@gmail.com,,970 71 693,False,,False
919157488,CONCORDIA GILDENE - BERGEN,,,,,False,,False
919277165,CALIFORNEBU WATERMAN CLUB,,,,,False,,False
919288094,CONSTRADA BEDRIFTSIDRETTSLAG,,,,,False,,False
919306122,CENTER FOR FREEDOM AND JUSTICE NORWAY,,,,,False,,False
919308621,CAMARO CLUB OF NORWAY,camaroclubnorway.no,stein@messetjeneste.no,,908 28 378,False,,False
919423315,COLAB LARVIK 3.0,,gillian.hockly@larvik.kommune.no,,974 18 334,False,,True
919459743,CANTORES OCTO,,gisle.andersen@nhh.no,,934 68 641,False,,False
919459832,CHAPTER SØRLANDET NORWAY,www.hogsorlandet.no,post@hogsorlandet.no,,,False,,False
919494603,CIRCLE K FORHANDLERFORENING FINNMARK,,jornerik.furuly@circlekeurope.com,,909 74 512,False,,False
919499915,CAUCASIAN UNION OF TRØNDELAG,,ilias.gerikhanov@gmail.com,,998 88 485,False,,False
919510900,CARNIVAL UNION,,,,,False,,False
919624140,CHILDREN OF ZULULAND,www.childrenofzululand.com,thore.hopperstad@ulvik.kommune.no,,400 07 158,False,,False
919661224,COOLTURE I NORGE,,cooltureinorge@gmail.com,,977 80 702,False,,False
919674261,CLUB 41,,,,,False,,False
919705094,CARE4US,www.facebook.com/care4us.norway,care4us.norway@gmail.com,,469 36 910,False,,False
919872047,CENTRUM,,,,,False,,False
919902361,CAFÉ 3:16 KARMØY,,,,,False,,False
919918721,COD JOHNSON AND THE FISHEADS,,,,,False,,False
919925728,CIS MOSS PARENT COUNCIL,,,,,False,,False
919935073,CASAS DA NORUEGA - ET VERDIG LIV,,snorre@cdn-brasil.no,,995 90 590,False,,False
919936851,CLIO STUDENTFORENING,cliostudentene.no,post@cliostudentene.no,,973 40 016,False,,False
919936932,CONNECT VELFERD AVD ALTA,,,,,False,,False
919958154,CARBURETORSFORENINGEN,,,,,False,,False
920027709,CHANGE AND TRANSFORMATION INTERNATIONAL,,catinorway@gmail.com,,416 55 767,False,,False
920032893,CHIN UNGDOMSFORENING ROGALAND,,bawihei@gmail.com,,400 82 565,False,,False
920045049,CULTURE INCUBATOR,,katrinlenander@gmail.com,,977 80 979,False,,False
920066593,CITROËN SM KLUBB NORGE,,,,,False,,False
920137407,CARE4 STARVING CHILDREN,care4.no,post@sognefjord.net,,95986632,False,,False
920198201,"CONNECT BUS AS, AVD ROGALAND",,,,,False,,False
920293093,CORNU AUREUM,,,,,False,,False
920345271,CIS TG FRITIDSKLUBB,,,,,False,,False
920350925,COLOMBIA BROEN,,,,98675622,False,,False
920445004,CRESCENDO!,,elfie.dorum46@gmail.com,,916 32 137,False,,False
920503314,CHRISTIAN FAITH CENTER,,,,,False,,False
920517277,CENTER FOR TREATMENT AND REHABILITATION,,,,,False,,False
920557961,COSPLAY AGAINST CANCER,,cosplayagainstcancer.norway@gmail.com,,,False,,False
920577903,CEMSPORT B.I.L.,,,22 87 85 00,,False,,False
920607543,CIRCULAR WAYS,,,,,False,,False
920628788,COGITO NTNU,cogito-ntnu.no,styret@cogito-ntnu.no,,925 56 483,False,,False
920762166,CAMP MOMYR,,,,,False,,False
920780792,CIVITAN CLUB LILLESAND,,,,,False,,False
920909973,CARITAS ARENDAL,,,,,False,,False
920944965,CHIN BETHEL CHURCH,,,,,False,,False
920950272,CONNECTED WORSHIP MINISTRIES,,michael.skevik@gmail.com,,,False,,False
921018967,CHAÎNE DES RÔTISSEURS BAILLIAGE NORDVESTLANDET,,,,,False,,False
921043805,CAN,,,,,False,,False
921135130,CARPOOL LANE,,,,,False,,True
921216491,CRYSTALS CHEERTEAM,,,,,False,,False
921222289,CLEANSOUNDS,,,,,False,,False
921233515,CREATIVE CONNECTIONS NORWAY,,,,,False,,False
921253842,CONQUEST MC ROMERIKE,,vbraathen@gmail.com,,918 11 190,False,,False
921353340,CENTURY DEVELOPMENT ORGANIZATION,,,,,False,,False
921388500,CAMERA BOREALIS,,,,,False,,False
921390823,CONSERVATION SOUTH AFRICA,,,,,False,,False
921397062,CHRISTIANSSAND BLUES & ROCK CLUB,www.cbrc.no,,,,False,,False
921450923,CAPOEIRA ANGOLA DRAMMEN,,mehtap.ayla.yildiz@hotmail.com,,,False,,False
921505701,CAMERON SLB IE AVDELING 0535,,,,,False,,False
921529910,CLUB ØSTGÅRD,,,,,False,,False
921540876,CARIAD,www.cariad.no,,,974 73 375,False,,False
921560079,CAMP HELT VILT,,,,,False,,False
921579993,COLLETTS KULTURHUS,,,,,False,,False
921593597,CHRISTELFONDET,,,,,False,,False
921624697,CROSSED PISTONS,,,,,False,,False
921633025,CHEESE FORSKNINGSGRUPPE,,,,,False,,False
921655002,CIRCLE K FORHANDLERFORENING NORDLAND,,,,,False,,False
921658079,CREO OPERAKORET VED DEN NORSKE OPERA OG BALLETT,,,,,False,,False
921684053,CANTABO,,cantabo.kor@gmail.com,,911 29 015,False,,False
921725175,CIRKELEN VANNLAG,,,,,False,,False
921846738,CATTLEYA DANS OG KULTUR,www.facebook.com/Cattleya-Colombiansk-folkedansegruppe-i-Norge-132324797537749/,,,,False,,False
921891679,CAUCASIAN UNION OF STJØRDAL,,,,,False,,False
921893132,CAUCASIAN UNION OF ORKDAL,,,,,False,,False
921902972,COMMUNITY MUSIC,,,,,False,,False
921977824,CHICKS 4 CHARITY,,,,,False,,False
921989326,CROATIAN-NORWEGIAN CHAMBER,,,,,False,,False
922026807,CODDLERS CAVE,,,,,False,,False
922038236,CREATIVITY ROCKS,,,,,False,,False
922075336,CITY CHAIN LABS,,,,,False,,False
922092737,CHAIN CREW 13 NORWAY,,,,,False,,False
922093989,CORA,,,,,False,,False
922104808,CHIN CHRISTIAN FAMILY,,,,,False,,False
922130523,CHANGING PLACES NORGE,,,,,False,,False
922137846,CHILD AT PLAY (CAP),,,,,False,,False
922142319,CHOPDA-MISJONEN INDIA,,m.honsen@live.no,,416 18 157,False,,False
922154856,CORVUS CORAX,,miro.van.vreckem@icloud.com,,986 94 587,False,,False
922165459,CHRISTINEGAARD PARSELLAG,,,,,False,,False
922182876,COWI VOSS BEDRIFTSIDRETTSLAG,,,,,False,,False
922282773,CARITAS TROMSØ OG SVALBARD,www.caritastromso.no,leder@caritastromso.no,,941 44 310,False,,False
922284776,CODAVOKAL,,kari.ljokjel@gmail.com,,976 44 741,False,,False
922324840,CONNECTED X STAVANGER,,,,,False,,False
922328633,CHILD JUSTICE,,viberolfsen@gmail.com,,92484160,False,,False
922361940,CREO KORK,,,,,False,,False
922370796,"CCAF-NORVEGE, COMMUNAUTE CATHOLIQUE AFRICAINE FRANCOPHONE EN NORVEGE",,,,,False,,False
922389632,COMUNITÀ ITALIANA IN AGDER,,,,,False,,False
922543356,CANARIBRIDGE,,,,,False,,False
922549621,CONQUEST MC KRISTIANSAND,,,,,False,,False
922590206,COWS OF NORWAY,,,,,False,,False
922602689,CARCINOR BODØ & OMEGN,,,,,False,,False
922607982,CHANGE FITNESS-CENTER,,john.e@mester-as.no,,469 80 066,False,,False
922634572,CAUCASIAN UNION OF ROGALAND,,,,,False,,False
922634874,CIMBRASSO,www.facebook.com/Cimbrasso/,cimbrasso@gmail.com,,,False,,False
922665931,CAMP NIDAROS,,,,,False,,False
922711798,CLICK TRACK,,,,,False,,False
922738904,CURATUS - LINJEFORENINGEN FOR SYKEPLEIERSTUDENTER VED UIA CAMPUS GRIMSTAD,,,,,False,,False
922831602,CARE4ALL,,allatcare@gmail.com,,909 28 372,False,,False
922843929,COLT NORGE,,,,,False,,False
922930813,CARL BERNER - VÅRT NABOLAG,,,,,False,,False
922998000,CHINESE STUDENTS AND SCHOLARS ASSOCIATION IN BERGEN,,,,,False,,False
923023259,COSMIC SWING ORCHESTRA,,basyver@hotmail.com,,,False,,False
923029524,CLAYMORE VETERANFORENING,,,,,False,,False
923109463,CELINA & CO,,,,,False,,False
923111425,CARIBBEAN CULTURAL ORGANIZATION,,,,,False,,False
923129928,CHARITY FRIENDS,nokernok.no,post@nokernok.no,,,False,,False
923150722,CONNECT BAN ROGALAND,,,,,False,,False
923184848,CAFEKAFAEN,,,,,False,,True
923217118,CARLJOHANSVÆRN VINSELSKAB,,,,,False,,False
923246215,COWI SENIORKLUBB MIDT-NORGE,,,,,False,,False
923249494,CANTUS FIRMUS,,,,,False,,False
923307338,COFACE NORWAY BEDRIFTSIDRETTSLAG,,,,,False,,False
923403302,CORPS CONSULAIRE DE BERGEN,,,,,False,,False
923433406,CREATORIUM,,creatoriuminternational@gmail.com,,454 36 134,False,,False
923444785,CONFUS,,tone@bakgaardenkultur.no,,913 33 025,False,,False
923542256,CLIMATE SENTINELS,,,,,False,,False
923581995,COPPERHEAD MC,,,,481 53 849,False,,False
923596798,CAUCASIAN UNION OF NORWAY,,,,,False,,False
923614532,COMPANY B. VALIENTE,,,,,False,,False
923628290,CERBERUS - LINJEFORENINGEN FOR CYBERSIKKERHET,,cerberusuia@gmail.com,,,False,,False
923673040,CENTRE DE REVEIL SPIRITUEL DRAMMEN/ NORGE,,,,,False,,False
923760423,CEXTBA,,,,,False,,False
923802355,CHRIST CENTER,,,,,False,,False
923831312,COOL SPOT,www.coolspot.no,coolspot.no@gmail.com,,,False,,False
923935029,CHRISTIAN CHRIST CONNECTION,,,,,False,,False
923947396,COOKING 4 A BETTER WORLD,,,,,False,,False
923971629,CYKLEKLUBBEN TORP,,,,,False,,False
923976345,CHIKAGO MC,,,,,False,,False
923988343,CHEMFRIENDLY NORGE,www.chemfriendly.no,chemfriendlynorge@chemfriendly.no,,900 51 255,False,,False
923990194,CHEMIKALEN,,,,,False,,False
924041005,CONSTO BEDRIFTSIDRETTSLAG,,,,,False,,False
924042400,CYCC NORWAY,,,,,False,,False
924408545,CALISTHENICS NORWAY,,,,,False,,False
924409479,CLUB VALBORG,,,,,False,,False
924415649,CAMBODIA SPORTS SCHOOL,,,,,False,,False
924421525,CEEL BARAF FRIVILLIG ORGANISASJON,,,,,False,,False
924491124,CARPE DIEM HITRA,,,,,False,,False
924493925,CITY DARTKLUBB,,,,,False,,False
924494174,CARGONET PERSONALFORENING SØR AVD.75,,,,472 86 060,False,,False
924512261,CANOON,,,,,False,,False
924647914,CHRISTIAN FOLLOWSHIP TIGRINJA SERVICE,,,,,False,,False
924668091,CONNECT CHURCH NORWAY,,,,,False,,False
924683643,COPERNICA,,live.thomassen@gmail.com,,979 53 525,False,,False
924687991,CHILIBRØDRENE,,,,,False,,False
924704020,CCL NORGE - CITIZENS CLIMATE LOBBY NORWAY,www.klimabelonning.no/,anders.ekeland@online.no,,951 75 467,False,,False
924777516,CARS & COFFEE NORGE,,,,,False,,False
924780975,COWBOYS MC,,,,,False,,False
924821248,CAMP DETSIKA VELFORENING,,,90 01 11 12,975 30 791,False,,False
924828471,CARNIFEX CREW MC,,bendiksen.arne@yahoo.com,,906 19 161,False,,False
924836628,"CONGOLESE-DRC DIASPORA AV TRØNDELAG, NORGE (DCTN)",www.diaspotrondelagrdc.no,jonathanngak@hotmail.com,,988 91 536,False,,False
925015504,CLEAN COAST ANGLERS,,bjornar@cleancoastanglers.com,,917 20 387,False,,False
925032328,COVIR,,,,,False,,False
925038040,CHANGELAB,,,,,False,,False
925058645,COMPASSION AMBASSADORS NETWORK-CAN,,,,,False,,False
925132632,CLOSE TO THEE,,closetothee7@gmail.com,,968 80 966,False,,False
925169242,CAPACARE INTERNATIONAL,,,,,False,,False
925171794,CHRIST'S COMMISSION FELLOWSHIP,,,,,False,,False
925187909,CHRISTIANIA DANSEKLUBB - BLACKBOX DANCE,,,,,False,,False
925190462,CENTRO INFANTIL NORWAY,,,,,False,,False
925245410,CRAZY QUEENS MC ØSTLANDET,,birgit.rognlien@hotmail.com,,975 61 238,False,,False
925268100,CONFIDENCE MARINERS,,gunnar-50@hotmail.com,,908 03 629,False,,False
925275034,CATS ON WHEELS,,,,,False,,False
925275468,CIVAC,,,,,False,,False
925348775,COUNCIL OF CHECHEN ELDERS OF NORWAY,,uvajs51@gmail.com,,+474588954,False,,False
925358304,CHILDREN'S GARDEN OF CHINESE VERSES (CGCV),,,,,False,,False
925371572,COLLEGIUM VOCALE GUTTER,,,,,False,,False
925376256,CANNAVAN,,,,,False,,False
925517380,CLARKS MINDE VENNER,,,,,False,,False
925569771,CARRIE,,,,,False,,False
925605476,COLLEGIUM VOCALE JENTER,,,,,False,,False
925620432,CAVEN ROCK'N ROLL FORENING,,engleing@frisurf.no,,959 66 696,False,,False
925629596,CHRIST GOSPEL FOR ALL NATION,,,,,False,,False
925680516,CROSSVIKINGS NORWAY,,,,,False,,False
925806528,CORNERSTONE,,,,,False,,False
925977241,CHECHEN MUSLIM CENTER,,,,,False,,False
925994138,CHILDREN PROTECTION NORWAY,,,,,False,,False
925996408,CARE FOR VENEZUELA,,,,,False,,False
926008749,COMPLEX,,,,,False,,False
926042254,CAP 10B,,,,,False,,False
926101196,"C-KLASSEN, FOSSLIA SKOLE 2014 KULLET",,,,,False,,False
926293702,CHRISTIANIA KRØSS 'O,,,,,False,,False
926327534,CHILDREN OF TENÉRÉ,,cismaila@yahoo.fr,,958 77 814,False,,False
926405063,CHRISTIANSSAND LACROSSE CLUB,,christianssand.lc@gmail.com,,,False,,False
926570595,CAUSALITY ESPORTS,,,,,False,,False
926597647,CHAIYAPHUM THAI FORENING,,,,,False,,False
926633090,CBD FORENINGEN I NORGE,cbdforeningeninorge.no,,,414 17 000,False,,False
926735152,COR CORDIUM,,berit.viken@sfjbb.net,,924 91 869,False,,False
926938460,CONVICTED 2022,,tobias.aunvold@gmail.com,,954 66 546,False,,False
926998080,CHIN RELIEF AND DEVELOPMENT IN NORWAY,,,,,False,,False
927000989,CHARGE NORGE,,,,,False,,False
927017504,CASUS BELLI,,,,,False,,False
927080583,CHESS FOR CHANGE,,espsne@hotmail.com,,906 62 433,False,,False
927101068,CREO OSLO,,,,,False,,False
927160315,CERAMICS HOUSE,,,,,False,,False
927298821,CARS AND COFFEE FOSNAVÅG,,,,,False,,False
927317168,COBRA HATTFJELLDAL,,,,,False,,False
927333287,CELEBRATE RECOVERY GRENLAND,,,,,False,,False
927391554,"CCUS NORGE (CCUS NORWAY) - NORSK FORENING FOR MILJØ OG RESSURSEFFEKTIV FANGST, BRUK OG LAGRING AV CO2",www.ccusnorge.no,post@ccusnorway.no,,995 44 711,False,,True
927473356,CAMP GRANMOEN,,,,,False,,False
927532204,CASA CULTURAL,,,,,False,,False
927532883,CITY GARAGE,,,,,False,,False
927540533,CRUISERS NÆRØYSUND,,,,,False,,False
927562111,CA.PA,,,,,False,,False
927564831,CELINAS POTEHJELP,,,,,False,,False
927603667,CHASING LIGHTS ALUMNI,,,,,False,,False
927772418,CHROMATIC,chromaticdancecrew.com,chromaticdancecrew@gmail.com,,,False,,False
927808676,CHA-YI,,,,,False,,False
927824698,COMMON GROUNDS,,,,,False,,False
927865491,COLOMBIA PÅ NORSK,,,,,False,,False
927945657,COWS FOR EDUCATION,,cowsforeducation@gmail.com,,481 54 559,False,,False
927992957,CORCARMINA,,,,,False,,False
928010252,CIVITAN BÆRUM,,,,,False,,False
928086747,CHIEFS LACROSSE,,,,,False,,False
928132528,CERTEX ARBEIDSTAKERKLUBB BERGEN,,,,,False,,False
928146146,CFA EUROPA,,,,,False,,False
928200493,CIVITAN I NORGE,,,,,False,,False
928204111,CIRCOLO DI VINO,,,,,False,,False
928219461,CANTA,,,,,False,,False
928276872,CIVITAN FARSUND,,,,,False,,False
928277984,CIVITAN KRISTIANSAND,,haavik.jan@gmail.com,,959 91 815,False,,False
928301141,CIVITAN LIV LARVIK,,grogjekstad@gmail.com,,924 29 098,False,,False
928302385,CIVITAN SANDEFJORD,,,,,False,,False
928320987,CIVITAN HORTEN,,,,,False,,False
928330087,CIVITAN VENNESLA,,,,,False,,False
928409155,CIVITAN BAMBLE,,,,,False,,False
928409635,CON VOI COLLECTIVE,,,,,False,,False
928416119,CORISSIMO - MALVIK KIRKES UNGDOMSKOR,,,,97779581,False,,False
928422283,CIVITAN KRISTINA,,,,,False,,False
928453154,CIVITAN LILLESAND/BIRKELAND,,,,,False,,False
928454010,CIVITAN LARVIK,,stig.wangen@lf-nett.no,,951 05 836,False,,False
928465659,CONSTO PENSJONISTFORENING,,,,,False,,False
928509117,CIVITAN HAUGESUND,,,,,False,,False
928552160,CIVITAN HEDDA,,mette.hogstad52@gmail.com,,909 16 317,False,,False
928573214,CAVEBONES,,,,,False,,False
928593959,CIVITAN ULLENSAKER,,,,,False,,False
928615782,CIVITAN TØNSBERG,,da-tveit@online.no,,907 79 083,False,,False
928619605,CBB-HOPPSPORTENS FOLKELUE,,,,,False,,False
928630188,CLEAN HEARTS,,,,,False,,False
928682757,CUVÉE CHAMPAGNE CLUB,,,,,False,,False
928704068,CHILDREN OF ROTIANA,,,,,False,,False
928777227,CREO VIKEN,creokultur.no/regionlagene/creo-viken/,postviken@creokultur.no,,922 25 176,False,,False
928787559,CIVITAN HOLMESTRAND,www.civitan.no,pal.andreassen.holmestrand@gmail.com,,993 80 511,False,,False
928819841,CIVITAN GYDA,,,,,False,,False
928828255,CONNECT ØST,,,,,False,,False
928832996,CLOTHING SWAP NORWAY,www.clothingswapbergen.no,info@clothingswapbergen.no,,403 33 011,False,,False
928836673,CHINESE ASSOCIATION IN ROGALAND STAVANGER SECTION,,,,,False,,False
928913503,CAMP CAISSA,,,,,False,,False
928973743,CHARITABLE,,,,,False,,False
929036336,COMRADES INC,,,,,False,,False
929072278,CHC REDNINGSMANNSFORENING,,,,,False,,False
929092988,CYBERNETICA BIL,www.cybernetica.no,cybil@cybernetica.no,,97028355,False,,False
929097319,CHC FLYGERFORENING,,,,,False,,False
929115945,CHEAP & NASTEY MOTOR KLUBB,,,,,False,,False
929184289,CAPPELEN SLEKTSFORENING,,cappelen@cappelen-krefting.no,,920 39 804,False,,False
929188187,COUPE DEVILS,,,,,False,,False
929188500,CORE,,,,,False,,False
929249852,CHRISTIANSUND BADSTUFORENING,,,,,False,,False
929298209,CASA DEL FOSSE VELFORENING,,,,,False,,False
929299108,CIMA,,,,,False,,False
929301331,CCB MONGSTAD VELFERDSKLUBB,,,,,False,,False
929312503,CEGAL OSLO BEDRIFTSIDRETTSLAG,,,,,False,,False
929314239,CREO VESTFOLD OG TELEMARK,Creokultur.no,,,,False,,False
929475917,CHC SVALBARD VELFORENING,,,,,False,,False
929484487,CHILDREN OF THE OCEAN,,,,,False,,False
929491971,CIVITAN ELVERUM,,,,,False,,False
929526015,COR3 ESPORT,,,,,False,,False
929629337,CHERISH AFRICA,,,,,False,,False
929661419,CITIZENS OF EARTH,,,,,False,,False
929671813,CHORUS SKAARERENSIS,,,,,False,,False
929694252,CARING HANDS SERVICES,,ladyk2g5@yahoo.com,,980 00 150,False,,False
929776445,CORNERSTONE,,,,,False,,False
929784324,CHRISTIANIAFJORDENS TRAKTORORCHESTER,,,,,False,,False
929866797,CMD+Z - LINJEFORENINGEN FOR GRAFISK DESIGN,,,,,False,,False
929963393,CENTRE FOR PERFORMING ARTS NORWAY (CPA NORWAY)/THIRUMARAIKKALA MANDRAM,,,,,False,,False
930032263,CHASE THE ACE MCC,,,,,False,,False
930097934,COMEALONG,,,,,False,,False
930114618,CHILI VOKAL,,,,,False,,False
930154393,CARLBERG MC,,,,,False,,False
930180599,CAMP MASKINSTRIKK,,,,,False,,False
930227862,CALLUNA GENERASJONSTEATER,,torild@sephia.no,,416 05 079,False,,False
930293318,CHASTRINDA GUTTA- RUSSEGRUPPE,,,,,False,,False
930303186,CIRCLE OF WELLBEING,,thea.munkeby@gmail.com,,950 13 733,False,,False
930319112,CHRISTIAN LIFE MINISTRY,,davidogundipe1@gmail.com,,465 12 299,False,,False
930325031,CANTONO,,,,,False,,False
930357553,CRISTINA OG COSMIN'S VENNEFORENING,,,,,False,,False
930366242,CONNECT VELFERD,,,,,False,,False
930382418,CURITA TANGO,,,,,False,,False
930490121,COFOCHILEX - NORGE,,,,,False,,False
930503371,CARPOOL GROUP,,,,,False,,False
930511994,COVENTRY B.S. FEST OG BASAR,,,,,False,,False
930512095,CDG-NORGE,,cdgforening@gmail.com,,99490694,False,,False
930638277,CARE & SHARE,,shareandcarenorge@gmail.com,45 69 21 17,980 41 818,False,,False
930720798,CLOUD NATIVE NORWAY,,,,,False,,False
930781924,CAMPUS RJUKAN,,,,,False,,False
930783773,CREATIVE INNOVATION DISTRIBUTORS,,,,,False,,False
930815969,COWI BEDRIFTSLAG - HØNEFOSS,,,,,False,,False
930855820,CLEANAIR,,,,,False,,False
930865192,CISSI KLEIN VGS. SOLIDARITETSPROSJEKTET,,,,,False,,False
930920622,CAMP ÅPTA,,bjoernlind@gmail.com,,,False,14.0,False
930989525,CHANGEFACTORY,,,,,False,,False
931023144,CIRCLE K FORHANDELERFORENING NORGE (CKFFNO),,,,,False,,False
931042173,COOP NORGE BEDRIFTSIDRETTSLAG,,teamcoop@coop.no,,95260895,False,,False
931066102,CREATIM,,,,,False,,False
931107593,CHRISTIAN FAMILY DISCIPLES MISSION NORGE,,,,,False,,False
931142607,CHC HELISPORT B.I.L,,sjur.svanes@gmail.com,,918 66 992,False,,False
931205560,COMETOGETHER.NO,,togui@online.no,,481 76 956,False,,False
931228625,CHRISTIANSAND VAABEN & MILITARIAMESSE,,,,,False,,False
931272985,CARPE DIEMS VENNER,,,,,False,,False
931344587,CROSSFIT OSLO NAJS,,,,,False,,False
931432885,CHIN ENTERTAINMENT PLATFORM,,,,,False,,False
931442619,CHARUSS 2024,,,,,False,,False
931460846,CIRCLE K FORHANDLERFORENING AGDER (CK-FA),,,,,False,,False
931467743,CIRCLE K'S MARKEDS FORENING I DRAMMEN. (CK-MFD).,,,,,False,,False
931477382,CASA CULTURAL TROMSØ,,,,,False,,False
931515020,CHAMPIONS CLUB,,viny.varghese@gmail.com,,966 71 109,False,,False
931529005,CHRISTMAS BOX,,,,,False,,False
931655779,CLOTHING SWAP OSLO,,,,,False,,False
931655868,CASSE-COU PROJECT,,,,,False,,False
931661507,CIEVRAMIELLI UTMARK OG VELFORENING,,,,,False,,False
931676520,CHIN COMMUNITY IN MOI,,,,,False,,False
931684280,CPTSD NORGE,,,,,False,,False
931686143,CHIN COMMUNITY IN ÅLESUND,,palung222@live.no,,468 57 735,False,,False
931715410,CHAPTER X,,,,,False,,False
931720805,CAPTURING SOUND WAVES - REGIONALT KOMPETANSESENTER FOR MUSIKK PÅ FYSISK FORMAT,,,,,False,,False
931769804,CRPS-FELLESSKAP,,,,,False,,False
931798510,CAMPINGFOLKET UNDER NORDLYSET,,,,,False,,False
931819151,CHRISTIAN EVANGELISTIC MINISTRY,,,,,False,,False
931922009,CHAJENTENE 2024,,,,,False,,False
931954946,CONNECT HØVIK,,,,,False,,False
931960555,COLOMBIA FC,,,,,False,,False
932114534,CORNER BULLDOGS,,,,,False,,False
932150832,CASA HULIAS,,,,,False,,False
932159252,CARS AGAINST CANCER - ØSTFOLD,,cars.against.cancer23@gmail.com,,401 91 559,False,,False
932201798,CONPASSION,,,,,False,,False
932233339,CELEBRATE RECOVERY KRISTIANSAND,,,,,False,,False
932257637,CHURCH FLOYD,www.facebook.com/highhopestributeband,post@highhopes.no,,924 29 187,False,,False
932290898,CIRCLE KS LOKALE MARKEDSGRUPPE I ØST (CK-LM ØST),,,,,False,,False
932299372,CON AMORE MIDT-TROMS,,,,,False,,False
932326329,CHAPRODUCTIONS,,chris@chrisjohnson.no,,959 00 744,False,,False
932349302,CARS & COFFEE SAUDA,,,,,False,,False
932392178,COMMUNITY CRAFTERS,,,,,False,,False
932403943,CHEMRING PENSJONIST FORENING,,rolki@online.no,,481 09 517,False,,False
932417901,CHILDRENSJOY,,,,,False,,False
932422220,CB 2026,,,,,False,,False
932428466,CARITAS HØNEFOSS,,honefoss@caritas.no,,,False,,False
932579286,CODIAF - CONGOLESE DIAPORA FUND,,,,,False,,False
932583011,CROSS-TEAM,,hans__ringereide@hotmail.com,91 11 66 41,983 13 465,False,,False
932599473,CAVERION HARSTAD RØRKLUBB,,,,,False,,False
932608693,CAGEFOTBALL GRENLAND,,,,,False,,False
932760584,CORNERMAN IDRETTSFORENING,,,,,False,,False
932768321,CORUS OG CORO - MALVIK KIRKES BARNEKOR,,kristin.eidhamar.naess@gmail.com,,97779581,False,,False
932775670,CORMORANT,,,,,False,,False
932832798,CAUCASIAN UNION OF VESTBY,,,,,False,,False
932880377,CHRISTIANIA RACKET KLUBB,,,,,False,,False
932882647,CADAC NORGE FORENING,,,,,False,,False
932943387,CHARITY FOR JANNAH,,,,,False,,False
932954710,CHRISTIANSAND BADSTU FORENING,,,,,False,,False
933008940,CK-LM ROGALAND,,,,,False,,False
933023974,CAUCASIAN UNION OF LEVANGER,,,,,False,,False
933062759,CARE SISTERS,,,,,False,,False
933063518,COMPASS GROUP BEDRIFTSIDRETTSLAG,,,,,False,,False
933075893,C SHARP MUSIC,,,,,False,,False
933084280,CORTEX LINJEFORENING,,,,,False,,False
933232433,CANTAREMOS,,,,,False,,False
933236420,CROWFEET,,max.gundersen@yahoo.no,,+4748957480,False,,False
933272745,CORPS CONSULAIRE DE OSLO,,,,,False,,False
933282228,CREATINE GLOBAL,,,,,False,,False
933283380,CHEKA,,,,,False,,False
933317064,"C-KLASSEN, FOSSLIA SKOLE 2013-KULLET",,,,,False,,False
933338622,CLOUD NATIVE BERGEN,,,,992 60 377,False,,False
933358690,CON BRIO FEMINA,,,,,False,,False
933369633,CATALYST ARTS ASSOCIATION,,,,,False,,False
933375625,CROSSPOINT,crosspoint.space,sungchinpar@icloud.com,,401 69 033,False,,True
933471675,CHRISTIANSEN MINISTRIES,christiansenministries.com,sunni_chr93@hotmail.com,+17195025848,+4799407486,False,,False
933502368,CHECHEN VISION,,,,,False,,False
933518485,CROSSOVER,,,,,False,,False
933530590,CRAFTOPIA,,,,,False,,False
933533352,CRISMA FAGFORENING,,,,,False,,False
933596087,CONNECTED CAUCASUS,,,,,False,,False
933737764,CHENEWER MC,,,,,False,,False
933755347,CHEERZ,,,,,False,,False
933795713,CHACHAS IDRETTSFORENING,,,,,False,,False
933832945,CAMP NORDØYANE,,kenneth.ulla@haram.kommune.no,,412 12 698,False,,False
933915638,CITIES HUMAN RIGHTS,,,,,False,,False
933962873,CAMP KVITSUND,www.campkvitsund.no,,,,False,,False
933966771,CZECH I NORD,,czechinord@gmail.com,,,False,,False
934029895,CHRISTIANIA TENNISKLUBB,,,,,False,,False
934152964,CHRISTIANIA PADELKLUBB,,christianiapadelklubb@gmail.com,,,False,,False
934155831,CAMP SJUSJØEN,,,,,False,21.0,True
934259769,COOP ERESFJORDS VENNER,,,,,False,,False
934344960,CHINESE CUISINE AND CULTURE,,,,,False,,False
934414128,CHRISFESTIVALEN,,,,,False,,False
934414349,CBRN KP TRADISJONSGRUPPE,,,,,False,,False
934523180,CAUCASIAN UNION OF DRAMMEN,,,,,False,,False
934568273,COCHLETTEN - TALESPRÅKFOKUS,,,,,False,,False
934586433,COLOR LINE SENIORKLUBB KRISTIANSAND,,,,,False,,False
934795741,CHRIST CENTER MINISTRIES,,,,,False,,False
934953916,CAMERATA ST. LAURENTII,,,,,False,,False
934995872,CATCH,,,,,False,,False
935012120,CHINESE ASSOCIATION INROGALAND SOLA SECTION,,,,,False,,False
935036542,CATWALK TIL FRIHET NORGE,,,,,False,,False
935080770,CORPUS LUTEUM,,,,,False,,False
935087821,CARCINOR NORD,,,,,False,,False
935174511,CTRL+ALT+DELIKATESSEN,,,,,False,,False
935215811,COLOSSEUM KROPPSBYGGERKLUBB,,,,,False,,False
935335868,CM PAGE,,,,,False,,False
935441897,CC MUSIC,,,,,False,,False
935462509,COUPLES FOR CHRIST - NORWAY,,,,,False,,False
935624827,CAMPHILL VALLERSUND GÅRD FELLESØKONOMILAG,,,,,False,,False
935654629,CLASSIC NIGHTMARE,,,,,False,,False
935658764,CHARDI KLA SPORTS CLUB NORWAY,,,,,False,,False
935690919,COPERNICA TENNIS CLUB,,,,,False,,False
935697387,CHRIST JESUS FOR ALL NATIONS CHURCH - CJFAN,,,,,False,,False
935816866,CASTLECON,,,,,False,,False
935868661,CHURCH OF THE LIVING GOD IN TØNSBERG,,hezaid07@yahoo.com,,450 72 611,False,,False
935953146,CREWTRUST,,,,,False,,False
935969433,COUPLES MC OSLO,,,,,False,,False
936005241,CAPITAL GROUP OSLOMET,,,,,False,,False
936018033,CVPI NORWAY,,police.interceptor@outlook.com,,414 10 209,False,,False
936025048,CHANGEMAKER OSLO STUDENT,,,,,False,,False
936040276,CLUBSAS,,,,,False,,False
936116965,CARE FOR KIDS,,,,,False,,False
936119735,CHOREA DANSEFORENING,,chorea.danseforening@gmail.com,,,False,,False
936142826,CULTURE MOVES AGDER (CMA),,,,,False,,False
936153127,CHRISTIANSSAND PRIVATE SKATE LOUNGE,,,,,False,,False
936229824,CRUISE FORUM,,,,,False,,False
936349919,CHRISTIANSSAND UNGDOMSKORPS,,,,,False,,False
938835969,CENTRAL JAMAAT-E AHL-E SUNNAT NORGE,www.cjas.no,,22 57 06 33,902 78 675,False,7.0,False
960570391,CEREBRAL PARESE-FORENINGEN,www.cp.no,post@cp.no,22 59 99 00,,False,9.0,False
970011102,COMMON NORGE,www.commonnorge.no,dagligleder@commonnorge.no,67 58 80 50,413 00 123,False,,False
970953965,CAFE 69 OSLO JAZZHUS,,,22385963,,False,,False
970969632,CREDOKIRKEN,www.credokirken.no,post@credokirken.no,55 98 78 00,900 39 903,False,34.0,True
971008989,CHRISTIANSSANDS SEILFORENING,www.csf.no,chsf@online.no,,415 67 400,False,,False
971018542,CHORUS,www.chorus.no,asbjorn.sabo@ntebb.no,,,False,,False
971394900,CHORUS NOVUS,,,,,False,,False
971439742,COLONIALGROSSISTERNES FORENING,,,72 82 00 00,908 93 535,False,,False
971443820,CARGONET PERSONALFORENING ØST AVD 71,,cpf@jernhuset.no,24 08 63 97,,False,,False
971489472,CISV NORGE,www.cisv.no,norway@cisv.org,,950 28 296,False,,False
971490896,CENTRAL JAM-E-MOSQUE WORLD ISLAMIC MISSION NORWAY,www.wim.no,post@wim.no,22 68 27 08,,False,17.0,False
971550961,CHRISTIANSSANDS KUNSTFORENING,www.kristiansandkunsthall.no,kontakt@kristiansandkunsthall.no,38 02 58 53,932 10 688,False,11.0,False
974262142,CLAUSENENGEN FOTBALLKLUBB,www.cfk.no,post@cfk.no,,962 09 664,False,,False
974269406,CON MOTO,,,70 01 08 84,,False,,False
974444216,CENTER RAHMA,www.centerrahma.com,centerrahma@yahoo.com,22 17 55 60,,False,,False
974901390,CITY RADIO & TV,kristenradiovest.no,,55 28 36 20,94149609,False,,False
974930994,CREO OSLO AKERSHUS ØSTFOLD,mfo.musikerorg.no,mfooao@musikerorg.no,23 06 14 99,,False,,False
975483622,CIVITAN CLUB KRISTIANSAND,,cckristiansand@civitan.no,,,False,,False
975506177,CÆCILIAFORENINGEN,www.ceciliaforeningen.no,post@ceciliaforeningen.no,,,False,,False
975536548,CARGO LANDSRÅDET,www.njf.no/lokale-avdelinger/cargo-landsradet/,mariann.ravnanger.nilsen@cargonet.no,,,False,,False
975652467,CINEMA NEUF,www.cinemaneuf.no,styret@cinemaneuf.no,,,False,,False
975698246,CANTUS,www.cantus.no,cantus@cantus.no,,926 60 404,False,,False
975867463,CLUB PHOENIX,,,69 89 03 30,,False,,False
975873196,CROSS RC KLUBB,n3sport.no/Organisation.asp?id=468988,crossrcklubb@outlook.com,,92236607,False,,False
975986160,CENTRUM TAEKWONDO,www.centrumtkd.no,centrumtkd@hotmail.com,,95223887,False,,False
976082486,CC MARTN KJØPMANNSFORENING,,,62 52 67 81,,False,,False
976087445,CUBAFORENINGEN I NORGE,www.cubaforeningen.no,kontakt@cubaforeningen.no,22 17 29 00,,False,,False
976113659,CRESCENDO,,,,,False,,False
976528263,COSMOPOLITE MUSIKKFORENING,,,22 11 33 08,,False,,False
976700864,CEREBRAL PARESE FORENINGEN AVD. TRØNDELAG,www.cp.no,leder.trondelag@cp.no,,901 47 929,False,,False
977102596,CREDOKIRKEN STORD,credo.no/stord,stord@credokirken.no,,450 45 874,False,,False
977216672,CFSPACE,,,90 52 63 99,,False,,False
977267129,CEREBRAL PARESE-FORENINGEN I TELEMARK,cp.no/om-oss/fylkesavdelinger/telemark/,leder.telemark@cp.no,,907 37 337,False,,False
977342333,CICIGNONGRUPPEN,,,,,False,,False
977555787,CON BRIO,www.conbrio.no,post@conbrio.no,,480 01 411,False,,False
978624898,CANTO AMMONIA,www.cantoammonia.no,annemaritbraut02@gmail.com,35 55 04 97,95878445,False,,False
978702724,COLLEGIUM MUSICUM,,leder@collegiummusicum.no,,909 95 245,False,,False
979121903,COREVI,,agwold@ntebb.no,,991 00 669,False,,False
979251408,CHRISTIANIA ROKLUB,www.christianiaroklub.no,post@christiania-roklub.no,,93409384,False,12.0,False
979409737,CHORIOLIS,www.choriolis.com,ase.roen@gmail.com,,926 40 745,False,,False
979422660,CIRRUS RC FLYKLUBB,www.cirrus-rcfk.no,post@cirrus-rcfk.no,,91742350,False,,False
979463502,CANTUS CORDIS,,cantuscordis@gmail.com,,950 94 284,False,,False
979468741,CON AMORE,www.conamore.no,styret@conamore.no,,,False,,False
979498993,CHATEAU NEUF SPELEMANNSLAG,,,22 20 60 45,,False,,False
979553625,CLUB EXCLUSIVE,,larsaleb@online.no,38 05 05 62,,False,,False
979628714,CITADELL MUSICA,,,,,False,,False
979656734,CLUB 3C,www.club3c.com,,,,False,,False
979827199,CHARISMA KULTUR OG MEDIA SENTER,www.ckms.no/ckms.se,dan@ckms.se,,47665507,False,,False
980318605,CHORUS BOREALIS,www.chorusborealis.no,roger@nordpaa.no,,980 17 100,False,,False
980363783,CONCEPTA,,,22 28 01 62,,False,,False
980477525,CHRISTER HALVORSEN DRIFTING,,christer@gelity.no,,,False,,False
980478963,CRI DU CHAT FORENINGEN,,,,,False,,False
980511707,COMPLEX,www.complex.no,post@complex.no,,915 75 797,False,,False
980817512,CLUB FIRST CLASS NORWAY,www.cfcn.no,svenml@broadpark.no,22 94 78 40,926 30 341,False,,False
980997006,CLEAN OCEANS,www.nosca.no,info@nosca.no,,900 22 771,False,,False
981103599,CASA ANGOLANA NA SCANDINAVIA E AMIGOS,,,22 71 89 35,,False,,False
981151747,CORO MISTO,www.coromisto.no,gryttenlauritz@hotmail.com,66 91 01 52,986 04 727,False,,False
981343522,CORDIS VOCALIS DAMEKORET OSLO UNIVERSITETSSYKEHUS,,,22 11 73 32,,False,,False
981434951,CANTATO,www.cantato.no,cantato1996@gmail.com,,412 33 326,False,,False
981475968,CHILE LINDO,,,55 16 59 91,,False,,False
981563662,CIGARCOMPAGNIET,,,32 89 58 64,,False,,False
981870956,CLASSIC HONDA CLUB NORWAY,www.classichonda.no,chcn@online.no,,,False,,False
981928261,CLASSIQ,,,76 96 72 00,,False,,False
981954750,CHARLIESBAR DOT NO,,,38 12 52 80,,False,,False
982085187,CHURCH OF LIVING WORD,www.churchoflivingword.com,samyogi@hotmail.com,55 34 36 21,99717087,False,,False
982097371,CHRISTIANIA SKIKLUBB,,,,,False,,False
982461863,CORLEX,www.facebook.com/pages/CORLEX/21552879816,nina@waterloo.no,74 85 41 00,482 06 014,False,,False
982584949,CRYSTAL RAIN,,nvik@online.no,69 88 53 08,,False,,False
982683424,CHRISTIANIA SNESKUTER FORENING,,csf@sol.no,41 51 95 30,,False,,False
982708257,CREO - FORBUNDET FOR KUNST OG KULTUR,www.creokultur.no,post@creokultur.no,23 10 22 10,924 67 390,False,37.0,False
982761794,COMITE DES ACTIVITES EXTRA SCOLAIRES,,aes@rcassin.no,22 92 51 22,,False,,False
982830664,CENTRUM TIGERS,www.centrumtigers.no,,22 99 11 00,95401395,False,23.0,True
983022375,CIVITAN CLUB HOLMESTRAND,www.civitan.no,pal.broby@gamail.com,,993 80 511,False,,False
983027776,CLASSISKE MOTORBÅTER,www.cmbweb.no,post@cmbweb.no,,905 01 427,False,,False
983179436,CHEVROLET CLUB OF NORWAY,www.chevroletclub.no,post@chevroletclub.no,32 84 54 63,928 11 217,False,,False
983180337,CONFRÉRIE DE LA CHAÎNE DES RÔTISSEURS DE NORVÉGE,chaine.no,paal@chaine.no,,932 53 700,False,,False
983198236,CANTO LIBRE,,ragnhild@sarko.no,,906 51 224,False,,False
983399304,CHRISTIANIA SEILSKUTEKLUBB,seilskuteklubben.no,sven-her@online.no,22 29 15 25,91620127,False,,False
983438970,CREO ROGALAND,www.creokultur.no,postr@creokultur.no,,414 64 748,False,,False
983506097,COCHABAMBA BARN FORENINGEN,,,51 71 22 80,,False,,False
983535933,CRIMSON CIRCLE NORGE,www.crimsoncircle.no,post@crimsoncircle.no,77 69 60 40,48606345,False,,False
983541186,CANADIAN CLUB OF WESTERN NORWAY (CCWN),www.canada.no/eng/community_eng/ccwn.html,ccwn2001@quit.net,92 26 33 97,,False,,False
983609104,CISV BUSKERUD,,buskerud@cisv.no,,907 81 409,False,,False
983698409,CISV TROMS FYLKESLAG,www.troms.cisv.no,cisvtroms@gmail.com,,,False,,False
983799086,CIVITAN CLUB LIV LARVIK,,so-gum@online.no,33 13 92 04,90643235,False,,False
983884946,CIVITAN CLUB GYDA HOLMSTRAND,klubb.civitan.no/gyda,ccgyda@civitan.no,33 05 50 63,922 92 680,False,,False
983894577,CIVITAN CLUB SANDEFJORD,www.civitan-club-sandefjord.net,,33 46 81 38,,False,,False
983921892,CLAUSENENGEN HÅNDBALL,www.chk2010.no,,71 57 04 64,,False,,False
983923194,CONOCOPHILLIPS PENSJONISTFORENING,,kirsten.egelandsdal@lyse.net,,901 94 891,False,,False
983953891,CORNERSTONE,www.cornerstone.no,harald@cornerstone.no,,900 56 262,False,,False
984002076,CIVITAN CLUB ULLENSAKER SIV,,,,,False,,False
984008384,CHARITY ANTAZAVE,,,,,False,,False
984059981,"COOP STAVANGER, PERSONALFORENING",,,,91117817,False,,False
984062532,CIVITAN CLUB PORSGRUNN,,,35 59 59 39,,False,,False
984066058,CISV OSLO OG AKERSHUS FYLKESLAG,www.Cisvnorge.no,oslo.akershus@no.cisv.org,,,False,,False
984092296,CISV AGDER,vestagder.cisv.no/,cisvagder@gmail.com,,480 98 355,False,,False
984118511,CROSS BOWLINGKLUBB,idrett.speaker.no/organisation.asp?id=53554,morkenknut@yahoo.no,,92663222,False,,False
984120052,CISV ASKER OG BÆRUM LOKALLAG,www.cisvnorge.no,,,992 15 668,False,,False
984170920,CISV HORDALAND,cisv.no/lokallag/cisv-hordaland/,hordaland@no.cisv.org,,,False,,False
984171889,CISV BERGEN LOKALLAG,www.cisvbergen.no,bergen.hl@no.cisv.org,,952 61 218,False,,False
984172486,CITRIX USER GROUP NORGE,www.cug.no,teknisk@cug.no,,,False,,False
984217986,CIVITAN CLUB HADELAND,www.civitan.no,cchadeland@civitan.no,,93416894,False,,False
984249004,CREO NORDLAND,creokultur.no,,,,False,,False
984260423,CLUB ÅROS,,,31 28 85 16,,False,,False
984265263,COMPASSION,,info@jambosafaris.no,93 04 02 24,,False,,False
984323808,CREO AGDER,www.musikerorg.no,mfoa@musikerorg.no,,982 56 143,False,,False
984470487,CHRISTIANSSAND INNEBANDY KLUBB,cibk.no,post@cibk.no,,92617188,False,,False
984511388,CHITO RYU NORGE,www.chito-ryu.no,,55 28 79 60,,False,,False
984515480,CHRISTIANSSANDS SJØMANDSFORENING,,csf1862@gmail.com,38 02 93 79,,False,,False
984570406,CLUB HONDA NORGE,www.club-honda.org,klubbleder@club-honda.org,,,False,,False
984578814,C/K TRUCKS NORWAY,www.cktrucks.com,,66 90 20 13,,False,,False
984636539,CHILD CARE EDUCATION,,ell-ho@online.no,67 53 09 11,,False,,False
984746601,CIBITOKE DIASPORA NETWORK,www.cyha.net,,40 14 54 72,452 83 182,False,,False
984892691,CONOCOPHILLIPS GOLFKLUBB,,susann.berg@conocophillips.com,,,False,,False
984898649,CHADO URASENKE TANKOKAI NORWAY ASSOCIATION,www.urasenke.no,s-westad@online.no,,90020833,False,,False
985011346,CUSHION KOLLEKTIVET,,acupofcoffee@home.se,40 07 42 49,,False,,False
985132186,CEREBRAL PARESE FORENINGEN AVD ROGALAND,www.cp.no/om-oss/fylkeslag/rogaland/,,,,False,,False
985162433,CHESSLIB INTERNATIONAL ASSOCIATION,,arild.fredriksen@uib.no,,,False,,False
985234698,CONOCOPHILLIPS BIL,www.conocophillips.no,nina.kristin.foerli@conocophillips.com,52020000,,False,,False
985234922,CONSORTIUM VOCALE OSLO,,hmb@forskningsradet.no,22 03 71 60,,False,,False
985315787,CAROLINE FILMKLUBB,,,,,False,,False
985370656,CONTRIBUTION,www.contribution.no,,,91319594,False,,False
985408432,CREO VESTLAND,www.musikerorg.no/regionlag/mfohsf/,mfohsf@musikerorg.no,55 31 69 76,98256145,False,,False
985421064,CK ELVERUM,www.ckelverum.no,magne.sogn@gmail.com,,911 71 001,False,,False
985525188,CELTIC INSPIRATION DANCE COMPANY,www.irskdans.net,rentsch@online.no,32 87 46 64,97786926,False,,False
985525374,CONNECT MIDT-NORGE,connectmidt.no/,hei@connectmidt.no,,90081062,False,16.0,False
985975191,CAMASSON CAMEROON ASSOCIATION IN NORWAY,,camason.norway@gmail.com,,970 57 891,False,,False
985982856,CAPPELLA,cappellakoret.wordpress.com,cappellakoret@gmail.com,,415 32 378,False,,False
986100016,CHINESE PROFESSIONALS IN NORWAY,www.cpn2003.no,xinli.wang@cpn2003.org,,951 29 678,False,,False
986158219,CHRISTIANIA MINIGOLF CLUB,www.minigolfparken.no,cmc@minigolfparken.no,22 38 00 27,452 72 408,False,,False
986336214,CHIMNEY BEDRIFTSIDRETTSLAG,,,,,False,,False
986482245,CLUB SINGLE,,grethe.froyland@lyse.net,51 59 09 23,004790598705,False,,False
986492720,CATOSENTERETS VENNER,www.catosenteret.no,erdahl2@gmail.com,64 95 72 82,906 21 494,False,,False
986515801,COCHLEAKLUBBEN,www.cochleaklubben.no,styret@cochleaklubben.no,,477 52 156,False,,False
986560351,CYKLEKLUBBEN SOTRA,www.cksotra.no,postmottak@cksotra.no,,97030971,False,,False
986611762,CANADIAN NORWEGIAN BUSINESS ASSOCIATION,www.cnba.no,post@cnba.no,,957 23 293,False,,False
986653325,CAFE TRENDY,,,,,False,,False
986751793,CAFÉ BAR NORGES AGENTERS FORENING,,kenneth@cafebar.no,,90143138,False,,False
986814477,CHAMPIONS KICKBOXINGKLUBB,www.championskickboxing.no,champions@kickboxing.no,47 86 70 74,930 50 103,False,,False
986856013,CONNECT VEST,www.connectvest.no,,,,False,6.0,True
986873309,CAR CLUB VESTFOLD,,carclubvestfold@c2i.net,,,False,,False
986902236,CELTIC SUPPORTERS CLUB - NORWAY,www.cscn.no,leder@cscn.no,,905 60 483,False,,False
986916768,CREDOKIRKEN KONGSBERG,,post@bibelsenteret.no,,90924612,False,,False
987297204,CIVITAN CLUB STAVANGER,,ko.rita@online.no,51 65 12 30,91167624,False,,False
987349166,CHILDREN'S WORLD,www.childrensworldinternational.com,childrensworld.norge@yahoo.com,,91710096,False,,False
987428171,CONNECT ÅLGÅRD BEDEHUS,connect.algardbedehus.no,,,,False,,False
987510412,CREO INNLANDET,,mfoho@musikerorg.no,,970 38 809,False,,False
987511885,CADILLAC CLUB OF NORWAY,,fred.tretterud@netcom.no,,,False,,False
987610158,"CREO KULTURSKOLEN, TROMSØ KOMMUNE",,berit.fonnes@tromso.kommune.no,77 69 33 00,990 12 583,False,,False
987615613,CHRISTLOVE MINISTRIES INTERNATIONAL NORWAY,www.christlove.no,post@christlove.no,69 28 33 80,90986206,False,,False
987676493,CHORUS FELIX,www.chorusfelix.com,,,93005758,False,,False
987708131,CHELTENHAM TOWN FC SUPPORTERKLUBB I NORGE,www.cheltenham.no,styret@cheltenham.no,,473 35 057,False,,False
987770430,CONGREGATIO FORENSIS,forensis.no,styret@forensis.no,,,False,,False
987777486,"CREO VESTFOLD, BUSKERUD, TELEMARK",www.musikerorg.no/regionlag/mfovbt/,,,98256142,False,,False
987939435,CAMEROONIANS ASSOCIATION TROMS-NORWAY,,ajeagahd@yahoo.com,,993 13 898,False,,False
987969318,CLASSIC BIKE OWNERS CLUB,,cbocbergen@gmail.com,,,False,,False
987994703,CHILDREN'S ASSOCIATION,www.school4life.com,,22 38 54 12,,False,,False
988019909,CORAZON,,,67 07 21 67,907 46 228,False,,False
988059285,CONTACTOR NTNU,contactor.no,alexander.a@contactor.no,46 86 23 23,,False,,False
988154636,CHAMA CHA WATANZANIA,watanzaniaoslo.blogspot.com,watanzaniaoslo@gmail.com,,,False,,False
988212504,CAMPINGBUSSENS VENNER,,,51 62 85 55,92499924,False,,False
988229911,CLUB CONTAKT,,david_rosj@yahoo.com,75 15 82 67,,False,,False
988432695,CP-FORENINGEN I MØRE OG ROMSDAL,www.cp.no/om-oss/fylkeslag/more-og-romsdal/,leder.more-romsdal@cp.no,,,False,,False
988436585,CLUB BONANZA,,petter@oxseth.no,,90822284,False,,False
988462209,CHRISTIANSSAND ARTILLERIE COMPAGNIE,www.cac-krs.no,jorn.kildedal@wemail.no,,990 45 612,False,,False
988469491,COMPAGNIE HOLDT!,,Ing_sanner@hotmail.com,,924 08 275,False,,False
988533742,CAMPHILL NORTHERN REGION,camphillnorhthernregion.org,cnra@cnra.co,73 97 84 60,401 08 408,False,,False
988573272,COCKHAVEN FORENING,,christian.haraldsen@gmail.com,,,False,,False
988607363,CLUB SEPTIM,,,,90660575,False,,False
988612863,"COUNCIL OF SUPPLY CHAIN MANAGEMENT PROFESSIONALS, NORWEGIAN ROUND TABLE",www.clmnrt.net,clm.nrt@bi.no,,,False,,False
988667757,CONVENTUS CROQUET,,conventus.croquet@gmail.com,,906 08 972,False,,False
988738190,CIRKELEN HYTTEFORENING,,re-ro@online.no,,905 94 096,False,,False
988846872,CHRISTOS AGAPE FORENINGEN,,,57 87 15 10,95162082,False,,False
988885371,CADILLAC FRIENDS NORWAY,www.cadillacfriends.no,cfn@medlem.no,,90182034,False,,False
988973564,CHRISTIANSSANDS BYSELSKAB,www.byselskabet.no,post@byselskabet.no,,,False,,False
989030299,CANTUS AETERNA,,anna_gursli_lang@hotmail.com,53 66 11 75,47622801,False,,False
989049437,CISV ROGALAND,rogaland.cisv.no,rogaland@no.cisv.org,51 42 65 19,901 38 838,False,,False
989295551,CROSSOVER,www.crossover04.com/,posh@adsl.no,93 68 48 01,482 45 067,False,,False
989348167,CON VOCALE,www.convocale.com,christine_m@convocale.com,,,False,,False
989577611,CHRISTIANSSAND KLATREKLUBB,www.ckk.no,leder@ckk.no,,98863975,False,,False
989617729,CANTATE DOMINO,,,62 43 52 70,,False,,False
989689770,CORTINA KLUBB NORGE,www.cortinaklubben.no,post@cortinaklubben.no,,90742810,False,,False
989706632,"CEREBRAL PARESE-FORENINGEN, AVD OSLO OG AKERSHUS",www.cp.no,,,,False,,False
989766988,CHECHNYA PEACE FORUM,,,,,False,,False
990072450,CREATIVE,,creative@mg.no,,46666646,False,,False
990110352,CYBERNETISK SELSKAB,cyb.no,hs@cyb.no,,,False,,False
990218234,COMPASSION AND ACTION MINISTRY NORGE,,gapahuken@yahoo.no,,40858482,False,,False
990255261,CG-KLUBBEN,,klubben@cg-glass.no,,,False,,False
990341834,CEMS CLUB NHH,www.nhh.no,norunn.okland@nhh.no,55 95 93 00,930 38 659,False,,False
990396469,CINEMATEKET I KRISTIANSAND,www.krscinematek.no,post@krscinematek.no,,416 57 957,False,5.0,False
990396507,CHRISTIAN SALVATION MINISTRY,www.habdadisministries.org,habdadis@hotmail.com,62 41 28 24,47445032,False,,False
990459428,CELEBRATE RECOVERY NORGE,celebraterecovery.no,am.loeland@gmail.com,,902 04 021,False,,False
990508941,CORPS CONSULAIRE DE NORVÈGE,,lksccn@altiboxmail.no,22 19 05 75,915 50 149,False,,False
990512582,CARE MISSION,,caremission@epost.no,,95912554,False,,False
990569800,CHRISTIAN RADICHS VENNER,www.radich.no,venner@radich.no,22 47 82 70,,False,,False
990593868,CADILLACFANS,www.cadillacfans.com,post@cadillacfans.com,,476 24 144,False,,False
990627045,CHRISTIANIA VELOCIPED KLUBB,www.facebook.com/OmertaCVK/,,,,False,,False
990673403,C ME 2,,jes@staviks.no,,90977955,False,,False
990738009,CHRSTIAN DEN FJERDES LAUG I OSLO,C4.oslo.no,helge.qvigstad@gmail.com,,913 55 855,False,,True
990896089,CAVA,www.korcava.no,korcava@gmail.com,,984 71 455,False,,False
990905339,COCHEPLASSEN BÅTFORENING,,aksoeren@online.no,,,False,,False
990997500,CORRUSO,,ingerlarsen221@gmail.com,,480 52 220,False,,False
991129170,CORVETTE CLUB NORWAY AVD.MIDT-NORGE,corvetteclub.no,,,92294880,False,,False
991145265,COMPLETE DRUMS,www.completedrums.no,stian@completedrums.no,,480 24 259,False,,False
991193553,CYBER RÅD,,,,41466300,False,,False
991206361,CTIF NORGE,,,,,False,,False
991280367,CITIZENS COMMISSION ON HUMAN RIGHTS NORGE,www.cchr.no,,,40 00 05 54,False,,False
991287981,CENTRE IVOIRO-SCANDINAVE,,,,90865404,False,,False
991366407,CATHINKATUNET VEL,,vidar.berg@moelven.no,63 97 47 17,908 99 879,False,,False
991404163,CRYSTAL PALACE SUPPORTERS NORWAY,www.crystalpalace.no,post@crystalpalace.no,,,False,,False
991412409,CEREBRAL PARESE-FORENINGEN VESTLAND,www.cp.no,bjorn-greve@outlook.com,,918 04 526,False,,False
991449604,CANCER CARE IN ETHIOPIA,,grommoges@hotmail.com,51 89 15 24,95932478,False,,False
991534474,COSMIC WIND CULTURAL COLLABORATIONS,,,,,False,,False
991588604,CONFEX BEDRIFTSIDRETTSLAG,,,67 11 44 00,,False,,False
991646620,CHARLOTTENLUND SPORTSKLUBB,www.csk.no,dagligleder@csk.no,73 91 60 65,,False,29.0,False
991670300,"CANTE WASTE OYATE, GODHJERTEDE FOLK",www.lakotatrail.com,kvassen@online.no,,90880383,False,,False
991695869,CREO TRONDHEIM SYMFONIORKESTER OG OPERA,,orkesterkomiteen@tso.no,,980 14 480,False,,False
991700161,COOP PENSJONISTFORENING OSLO,,,,,False,,False
991711732,CREO TRØNDELAG,creokultur.no/regionlagene/creo-trondelag/mfotrondelag.com,post@creokultur.no,,98256147,False,,False
991713859,COWI  BL TRONDHEIM,www.cowi.no,bl-trd@cowi.no,02694,45218990,False,,False
991750754,CAYA (CULTURE AND YOGA ASSOCIATION),,meena_grover@hotmail.com,22 63 06 43,92898497,False,,False
991752676,"CAMALINI - CULTURE ART, MUSIC AND LANGUAGE INTERNATIONAL INSTITUTE",,meena_grover@hotmail.com,22 63 06 43,92898497,False,,False
991772073,CHRISTIANIA SVØMMEKLUBB,www.christianiask.no,post@christianiask.no,22 73 18 16,954 74 756,False,,False
991792228,CHAMPION WELFARE,,,,92200540,False,,False
991807020,COWI BL BERGEN,,magj@cowi.no,,952 70 542,False,,False
991823077,CHRISTIANIA SPIGERVERK PENSJONISTFOR.,,per.dalen@ebnett.no,22 23 63 73,,False,,False
991830707,CREDO MISJON,,amen7@online.no,69 39 94 84,926 48 972,False,,False
991833080,COMITATO DELLA SOCIETA’ DANTE ALIGHIERI DI STAVANGER/ITALIENSK KULTURFORENING I STAVANGER,www.dante-ikis.no,webadmin@dante-ikis.no,,974 14 399,False,,False
991850856,CHARLOTTENLUND ROTARYKLUBB,rk12707.rotary.no,helge.stabursvik@gmail.com,,906 55 830,False,,False
991921427,COLONIALGROSSISTERNES FORENING,,,,,False,,False
991949151,CON SPIRIT,www.conspirit.no,pekaje@live.no,,952 28 470,False,,False
991950192,CEREBRAL PARESE FORENINGEN AVD. VESTFOLD,cp.no,leder.vestfold@cp.no,,458 65 699,False,,False
991988718,CALDERA,korcaldera.no,calderakor@gmail.com,67 06 13 80,952 55 584,False,,False
991996540,CLUB BELE,,,,,False,,False
992071656,CHRISTIANIA TAEKWON-DO KLUBB,www.ctkd.no,,,90135080,False,,False
992079061,CONCORDIA GILDET TØNSBERG,,ilestad@hotmail.com,,916 35 472,False,,False
992100125,CAPACARE,www.capacare.org,post@capacare.org,,991 50 768,False,,False
992153458,CONGRESS OF NATIONALITIES FOR A FEDERAL IRAN - NORWAY,,,,486 59 994,False,,False
992163178,CUSTOS ROSAE,,,,,False,,False
992196610,CAMILLABANDENE,,gal1962@online.no,,92640889,False,,False
992255099,C.A.S.2,,ibr_os@hotmail.no,21 38 98 11,400 42 883,False,,False
992326476,CORPTRUST NR 1,www.nameshine.com,office@nameshine.com,,452 90 020,False,,False
992335963,CORPTRUST NR 2,www.nameshine.com,office@nameshine.com,,452 90 020,False,,False
992370769,CORPTRUST NR 3,www.nameshine.com,office@nameshine.com,45 29 00 20,452 90 020,False,,False
992382716,CYKLEKLUBBEN NITTEDAL,www.cknittedal.no,cknittedal@gmail.com,,91789585,False,,False
992404264,CORPTRUST NR 4,www.nameshine.com,office@nameshine.com,,452 90 020,False,,False
992433248,CORPTRUST NR 5,www.nameshine.com,office@nameshine.com,,452 90 020,False,,False
992465174,CK TOTEN,www.facebook.com/groups/11769823865,ck.toten.traakk@gmail.com,,97007552,False,,False
992470674,CORDOBA LEARNING CENTER,,tariq@live.no,,98601439,False,,False
992493054,CORPTRUST NR 6,www.nameshine.com,office@nameshine.com,,452 90 020,False,,False
992543779,CORPTRUST NR 10,www.nameshine.com,office@nameshine.com,,452 90 020,False,,False
992544961,CIRCLE K FORHANDLER FORENING TELEMARK,,statoil.service@seljord.online.no,35 05 04 88,976 79 943,False,,False
992548312,CONNECTION GOSPEL OUTREACH,,rtysse@online.no,56 39 25 08,911 48 023,False,,False
992570148,CANTABILE,,,,,False,,False
992633107,CENTRAL AFRICA RECOVERY PROGRAM (CARP),,kordahl@norsklegesenter.no,22 98 05 00,906 59 181,False,,False
992703318,CONDOR MODELLFLYKLUBB,,condormfk@gmail.com,,995 67 399,False,,False
992754869,CIVITAN CLUB VENNESLA,www.civitan.no,ccvennesla@civitan.no,38 15 50 80,90052757,False,,False
992759291,CHRISTIANSTEEN ARTILLERIE COMPAGNIE,home.no.net/cac1718/,elnar@netcom.no,,932 10 110,False,,False
992815795,CREME FRAICHE,www.cfkor.no,post@cfkor.no,,90758735,False,,False
992938439,CLASSIC VOLVO CLUB,www.classicvolvoclub.com,post@classicvolvoclub.com,,993 79 921,False,,False
992998539,COLLEGE OF PRAYER - AVD. TROMSØ,,tigerbrumm@hotmail.com,,,False,,False
993030457,CORPSUS JURIS,www.corpsusjuris.com,corpsus-juris@jus.vio.no,22 85 93 54,,False,,False
993075051,COREMINE BIL,,,22 14 70 87,,False,,False
993100358,"CROCOM, BLÆSTAD",,crocombl@gmail.com,,955 26 630,False,,False
993174394,CONQUEST MC STAVANGER,www.conquestmc.no,conquestmcstv@gmail.com,,,False,,False
993229652,CYBER LINJEFORENING,www.komsys.org/,leder@komsys.org,,,False,,False
993237779,CANADIAN CLUB OF NORWAY,www.canclubnor.info,forcon.cday@gmail.com,,90856640,False,,False
993237957,CEREBRAL PARESE-FORENINGEN AVD. NORDLAND,www.cp.no,leder.nordland@cp.no,,902 19 279,False,,False
993257079,CHURCH OF LIFE NORWAY,,,74 51 13 11,46395612,False,,False
993356751,CALENDULA ORIGINALIS,,godmat@chiara.no,,928 87 962,False,,False
993374172,COUNCIL OF ULAMA E IMAMIA SCHENGEN,www.ulamas.org,,22 72 12 00,92083974,False,,False
993390011,COOLCATS ØSTERDAL LINE DANCERS,,whenr@online.no,,95084536,False,,False
993396605,CASUAL GAMING,casualgaming.no,styret@casualgaming.no,,468 19 092,False,,False
993397083,CHRISTIANIA CRICKET CLUB,,christianiacc2000@gmail.com,40170652,932 57 495,False,,False
993404152,CHEMIEKJELLEREN,,kjellerstyret@hc.ntnu.no,,993 50 277,False,,False
993426288,CLARKSONS IDRETTSLAG,www.clarksons.com,,23 11 20 00,,False,,False
993449237,CMM FERIE OG FRITD,,cmm@cmmathiesen.no,22 07 19 00,,False,,False
993450944,CRESCENDO,,,,,False,,False
993499102,CAREDROPS,,,,97094355,False,,False
993510939,CENTER FOR AFRICAN MENTAL HEALTH PROMOTION AND CULTURAL COMPETENCE (CAMPCOM),www.campcom.info,campcom.norway@gmail.com,22 32 81 18,917 53 783,False,,False
993621722,CONSERTEN ENSEMBLET,www.concerten.no,post@concerten.no,62 48 61 54,94849710,False,,False
993629707,CIGIIT MANYATTA,,gunnar@skolegarden-fagerli.no,,944434582,False,,False
993742155,CITY CRICKET CLUB,,rahmad1981@hotmail.com,,980 37 438,False,,False
993745804,CISV HEDMARK,,hedmark@cisv.org,62 96 73 14,477 57 849,False,,False
993766267,CHRISTIANES VENNER,www.christiane-drammen.no,styre@christiane-drammen.no,,,False,,False
993778176,CHESS BEDRIFTSIDRETTSLAG,,,,,False,,False
993780464,CHRISTIANIA BILJARDKLUBB,,christiania.biljardklubb@gmail.com,,474 54 620,False,,False
993802611,CHRISTIANIA DAMEKOR,christianiadamekor.org,post@christianiadamekor.org,,900 25 767,False,,False
993803472,CON BRIO,,conbriokrodsherad@outlook.com,,913 19 601,False,,False
993811971,CANTUS,www.fjaler.kyrkja.no,solfrid.furnes@gmail.com,57 73 97 74,970 98 947,False,,False
993815659,COURAGE,www.courage.no,courage.postmottak@gmail.com,,922 33 641,False,,False
993846287,COTTONTAILS DANSEKLUBB,www.thecottontails.net,cottontails.bergen@gmail.com,,412 91 183,False,,False
993852872,CYKLE-KLUBBEN HENIE,ckhenie.no,ckhenie@gmail.com,,953 33 015,False,,False
993866814,CREO TROMS FINNMARK OG SVALBARD,,posttfs@creokultur.no,,971 82 289,False,,False
993879533,CLOUD COMPUTING ASSOCIATION,www.cloudcom.org,spam@cloudcom.org,51 83 20 13,408 89 897,False,,False
993912565,CISV TELEMARK,www.cisv.no,telemark@cisv.no,,,False,,False
993937460,CHAINS,www.chains.no,leder@chains.no,71 70 58 76,404 71 392,False,,False
993941018,CISV AUST-AGDER FYLKESLAG,,hysimons@msn.com,37 04 46 77,970 65 295,False,,False
993944165,CENTER FOR CHANGE AND DEVELOPMENT,,,22 16 36 60,98004409,False,,False
993953415,CISV VOSS LOKALLAG,,voss.hl@no.cisv.org,,926 20 544,False,,False
994031937,COWI BIL OSLO,,bil-oslo@cowi.com,02694,934 86 497,False,,False
994032178,CEREBRAL PARESE-FORENINGEN ØSTFOLD,cp.no,sylviewbs@gmail.com,,930 08 499,False,,False
994092375,CISV FOLLO,www.cisvnorge.no,,,992 15 668,False,,False
994142992,CAND.FORSK,,cand.forsk@yahoo.no,,,False,,False
994158325,CAPOEIRA CTMV,www.capoeira-ctmv.no,kleytoncdo@gmail.com,,936 90 282,False,,False
994162284,CBNRM NETWORKING,www.cbnrm.org,mail@cbnrm.org,38 04 46 55,908 23 006,False,,False
994185012,CHUE FOUNDATION NORGE,www.chuefoundation.no,nerjord@online.no,,906 88 154,False,,False
994189778,COOPERATIVE MOBILITY FOUNDATION,origo.no/-/bulletin/show/326329_cooperative-mobility,cooperativemobility@gmail.com,,901 07 987,False,,False
994195654,CHRISTIANIA SKIKLUB,,pal@schage.net,,913 94 874,False,,False
994225499,COGNACKLUBBEN KRYSTALLGLASSET,,,33 47 95 61,,False,,False
994249061,CK VICTORIA,ckvictoria.no,har-myr@hotmail.com,,932 19 944,False,,False
994317040,CAMPAIGN FOR IRANS FREEDOM,,soheilakalani@yahoo.com,67 41 69 97,48256944,False,,False
994344803,CIRCUS WORLD THEATRE,,gm-nonsh@online.no,,922 23 717,False,,False
994386891,CARSON BAPTIST CHURCH,,,37 03 87 19,,False,,False
994553488,CHRISTIAN DEMOCRATIC PARTY OF IRAN,www.democraticmasihi.com,kelisafarsi@gmail.com,,978 84 114,False,,False
994559974,CATCH THE FIRE OSLO,,,,,False,,True
994565311,CORO ANGELICO,,solveigjelle@hotmail.no,,906 72 482,False,,False
994571338,COMPAGNIET,,lisbeth.sandvik@ncc.no,,93448757,False,,False
994574957,COLOR LINE BEDRIFTSKUNSTFORENING,,,38 07 88 00,,False,,False
994587129,CRAZY HOGS - SVINGEN PAINTBALL,www.crazy-hogs.com,,,,False,,False
994589717,CISV TRØNDELAG,,sor.trondelag@no.cisv.org,,906 55 830,False,,False
994705946,CUSTOM VAN'S NORWAY,,customsvans1@hotmail.com,,,False,,False
994731793,COMMUNITY HEALTH FRONTIERS (CHF),,,21 39 00 08,97503820,False,,False
994781316,CAFE HÅPETS HAVN BETANIA,,,,41329306,False,,True
994795732,CHRISTIANSSAND VANNSPORTKLUBB,,krithoma@gmail.com,,474 84 949,False,,False
994863932,CHRISTIANIA GOTHIC,www.gothamnights.com,henrikn@runbox.com,,924 01 634,False,,False
994925121,CLUB AL AQSA,,,,,False,,False
994932934,CLEAR VOICE,,,,92883339,False,,False
994935194,CANTABILE,,post@tannlege-solveig.no,37 01 64 71,975 14 640,False,,False
994954776,CORONA,,corona.stord@gmail.com,,,False,,False
995068699,CHINESE ASSOCIATION IN ROGALAND,CAIR.NO,candytong27@gmail.com,,458 09 718,False,,False
995070545,CONSTO ROGALAND BEDRIFTSIDRETTSLAG,,post@herda.no,51 60 77 40,,False,,False
995073196,CHINESE WOMEN ORGANIZATION IN ROGALAND,,,,,False,,False
995117576,CPN JUNIOR CLUB,,yongyan5@hotmail.com,,,False,,False
995118432,CP FORENINGEN AVD TROMS,,cpforeningen.troms@gmail.com,92 20 10 06,913 68 839,False,,False
995119838,CMCO MOTORFORENING,,essentialmc@outlook.com,,,False,,False
995139979,CHIN COMMUNITY IN NORWAY,www.norwaychin.no,chin_norway@yahoo.com,51 11 41 55,902 68 397,False,,False
995179652,CATHOLIC TAMIL WELFARE ASSOCIATION,,,,,False,,False
995196816,CISV SUNNHORDLAND,,,,404 76 998,False,,False
995199297,CAMPHILL NORGE HELSEFORENING,,,,,False,,False
995205211,CONSUL GRANADA KLUBB NORGE,,geir.andersen@consulgranada.net,,90656128,False,,False
995255421,CHIN ORGANISASJON INNLANDET,,nb_fh@yahoo.com,,,False,,False
995289466,COUNTRY COMFORT,,,,,False,,False
995314215,COMMUNITY SOCIAL DEMOCRATIC IRAK INTERNATIONAL,,,,451 42 616,False,,False
995321912,CANTANDO,,bente.h.saetre@gmail.com,,906 58 708,False,,False
995335573,CARE GOSPEL,,kwjakob@online.no,,936 82 498,False,,False
995364190,COR MIO,www.cormio.no,cecilie.fauchald.rygg@tekna.no,,932 59 536,False,,False
995379562,CHRISTIANIA MANNSKOR,,post@christianiamannskor.no,,905 35 782,False,,False
995395886,CITROPHILE,,citrophile@zaq.no,,470 28 500,False,,False
995429209,CELEBRATION,celebrationgospel.org,bente.heier@motorpart.no,,95940703,False,,False
995435152,CONCORDIAGUTANE,www.concordiagutane.no,hf@halden-dataservice.no,,915 62 688,False,,False
995444119,CEREBRAL PARESE-FORENINGEN AVD. BUSKERUD,www.cp.no,,,,False,,False
995501287,CASINO ROYALE TROMSØ RUEDAGRUPPE,www.casinoroyale.no,info@casinoroyale.no,,932 62 505,False,,False
995532964,COWI BIL BODØ,,jamt@cowi.com,,932 88 664,False,,False
995566494,CORDON BLEU DU SAINT ESPRIT - NORGE (CBDSE),,skattmester@smakfullt.as,,950 85 521,False,,False
995663805,CONCORDIA GILDET GJØVIK,www.skybergstua.info,arvthune@online.no,,909 82 618,False,,False
995666081,CLASSIC CAR CLUB,classiccarclub.no,ccc@cccnorway.com,,93 07 08 99,False,,False
995682818,CHRISTIANSSANDS SPILL OG HUMØRLAG - PLAYMOOD,,jon.egil.andersen@gmail.com,,982 23 991,False,,False
995690047,COMMON CASH,,seija@davvi.no,78 46 95 00,,False,,False
995710331,COMPUTER APPLICATIONS IN ARCHAEOLOGY - NORWAY,www.caa.uio.no,caa-n2010@khm.uio.no,,,False,,False
995777010,CONVEL,www.aibel.com/velferd/convel,,85 27 00 00,,False,,False
995782111,CKVANSJØ,www.ckvansjo.com,ole@ckvansjo.com,,97415874,False,,False
995824205,CHILDREN RESCUE VOLUNTARY ORGANISATION,www.chrevo.org,teddy@chrevo.org,,98408448,False,,False
995879026,CONOCOPHILLIPS VELFERD,,velferd@conocophillips.com,52 02 15 22,,False,,False
995886391,CG MOTORSPORT I.L.,,cat-ge@online.no,64 87 74 62,900 34 059,False,,False
995900998,CINEMA POLITICA TRONDHEIM,www.cinemapolitica.org/trondheim,,,40228051,False,,False
995927330,CHAMPAGNESELSKABET,,ingerhildekleppe@gmail.com,,906 23 814,False,,False
995951428,CARCINOR VEST,www.carcinor.no,tone@bilmon.no,,957 96 789,False,,False
995975106,COMPASSION FOR ASIA,www.compassionforasia.org,sudip@airpost.net,,478 12 820,False,,False
996092151,CHILDREN GREEN WORLD VISION,www.childrengreenworldvision.org,jansolb8@online.no,61 34 02 83,97642453,False,,False
996149234,CARCINOR ØST,www.carcinor.no,erikrysst@gmail.com,,911 91 709,False,,False
996153320,CHAMA CHA WATANZANIA BERGEN,www.chamachawatanzaniabergen.com,watanzania.bergen@gmail.com,55 19 31 29,416 29 677,False,,False
996186121,CARLSEN ØLKLUBB,,,,,False,,False
996198138,CLAVE DE SOL - MUSIKKPROSJEKT EL SALVADOR,,mpelsalvador@hotmail.com,,952 18 393,False,,False
996261603,CONOCOPHILLIPSANSATTES FORENING TILKNYTTET LEDERNE,lederne.no/conocophillips,leda142@conocophillips.com,52 02 22 95,,False,,False
996263908,CORVETTE CLUB NORWAY,www.corvetteclub.no,president@corvetteclub.no,,934 05 517,False,,False
996324370,CREATURE - KREATIVE FOLKS FORENING,,creature.post@gmail.com,,93254330,False,,False
996363740,CHRISTIEPARKENS VENNER,,ylliw@online.no,,48048740,False,,False
996370410,CLINICA NORUEGA,www.clinicanoruegaguatemala.com,mdarefjeld@gmail.com,,99478955,False,,False
996384551,COGNACFORENINGEN CARTE BLANCHE,,kj-engan@online.no,91 55 46 50,,False,,False
996435806,CHAKORA MEHAR FORENING,,asim@asim.se,21 38 69 33,,False,,False
996466116,CENTER FOR DEVELOPMENT AND COOPERATION OF NORWAY AND BOSNIA AND HERZEGOVINA - CDNBIH,,miralemm@online.no,69 31 18 68,951 82 234,False,,False
996488187,CODSTOCK,,,,,False,,False
996495582,CORTADO,,ebech@hotmail.com,85 21 83 58,93455955,False,,False
996510905,CYKLEKLUBBEN HAUGALAND,ckh.no,post@ckh.no,,,False,,False
996535851,CAMEROON ASSOSIATION I TRONDHEIM (CAT),,bawfeh@yahoo.co.uk,,93624483,False,,False
996546462,CONNECT MOLDE,www.connect-molde.com,gor84@live.no,,473 72 764,False,,False
996563332,CINI NORGE,www.cini.no,info@cini.no,,,False,,False
996632881,CLUB VINICOLE,,,,,False,,False
996645401,CIVITAN NORGE,www.civitan.no,eva.pavels@gmail.com,,926 52 361,False,,False
996651207,CRESCENDOSTRYKERNE FREDRIKSTAD,nofredrikstad.speedadmin.dk/registration#/course/180/0/0/17,kjello.huslid@gmail.com,69 95 96 70,909 77 714,False,,False
996684008,CHRISTIANSANDS CURLING CLUB,,,,90129999,False,,False
996685934,CP-FORENINGEN AGDER (CEREBRAL PARESE),www.cp.no,,,,False,,False
996717429,CHEMIKERNES INTERNE TEATER (CHIT),www.chit.no,chit@list.stud.ntnu.no,,,False,,False
996737772,CHRISTIAN CO-OPERATION SPIRITUAL DEVELOPMENT,,hellida_onje@yahoo.com,,93955465,False,,False
996815773,CHC HELIKOPTER SERVICE/HELI-ONE SENIORKLUBB,www.hssenior.org,hadle.eide.dahle@lyse.net,,907 49 339,False,,False
996819396,CANTABILE,www.fredrikstaddomkirke.no,,69 36 78 30,,False,,False
996847268,CHARLOTTENLUND SPEIDERGRUPPE,charlottenlund.speiding.no,gruppa.charlottenlund@speiding.no,,481 86 486,False,,False
996859045,CYKLEKLUBBEN TRILL RUNDT,,,,97 49 64 49,False,,False
996859916,CHI-DEE NORGE,,,,91774430,False,,False
996922278,CLUB CAVIÉRE,www.caviere.com,follegg@caviere.com,,412 68 183,False,,False
996962245,CAMPINGHYTTEKLASSIFISERINGS FORENINGEN FRUKTEN,www.frukten.no,,,,False,,False
996979237,CLUB GOURMET D ORAL (CGO).,,jfriebermohn@gmail.com,22 50 12 26,924 43 326,False,,False
997019229,CHOKOLADEARBEIDERNES KLUBB NNN,,,73 58 31 90,,False,,False
997025644,CHORISMA,,ltskeie@online.no,,481 83 501,False,,False
997085604,CRUISE SØRLANDET,cruisesorlandet.com,info@cruisesorlandet.com,90 02 76 87,97632739,False,,False
997160819,CISV VESTFOLD,cisv.no/vestfold/,,,,False,,False
997161858,CLASSIC SUZUKI CLUB NORWAY,www.classicsuzuki.no,,91 65 38 51,,False,,False
997167317,CHO-TSIN-CHO KARATE KLUBB,,,,46676535,False,,False
997275209,CHURCH OF PENTECOST INTERNATIONAL NORWAY,,,,,False,,False
997280091,CARMEL,,,,48606052,False,,False
997288564,CONSONUS,,consonusbrass@gmail.com,,988 17 944,False,,False
997329651,CLUB DÉ KJEDD - DIVISION DÉ LA NORVÈGE,,einar@kongsbakk.no,55 13 45 60,92415050,False,,False
997376838,"CORNELL HOTEL SOCIETY, NORWAY CHAPTER",www.chscornell.com/chapters/norway/,post@hotelier.no,,980 99 475,False,,False
997396774,COMMODITY INVESTMENT COMMITTEE,,arehvalbye@gmail.com,,975 29 816,False,,False
997415442,COLOR LINE SENIORKLUBB AVD OSLO,,post@colorsenior.com,,,False,,False
997432991,CHURCH4U - LIVSKIRKEN,,church4u@start.no,,920 15 600,False,,False
997436709,COWI BL DRAMMEN,,gkni@cowi.no,,,False,,False
997452372,CHRISTIANIA KAMMERKOR,christianiakammerkor.no,,,928 01 271,False,,False
997475372,COLLEGIUM ALFA,www.collegiumalfa.com,kontakt@collegiumalfa.com,,976 50 511,False,,False
997479572,CHALMERSKA INGENJÖRSFÖRENINGEN NORGE,www.cing.chalmers.se,cingnorge@gmail.com,,,False,,False
997534972,COMUNIDAD SAN PEDRO,,nolvia@online.no,22 14 06 05,917 36 568,False,,False
997538072,CALVARY CHIN CHURCH,www.calvarychinchurch.no,duhthat@gmail.com,62 11 06 12,401 68 718,False,,False
997543874,COMITÈ AMISTAD DE AGUACATAN Y MOSS,,,,454 54 968,False,,False
997569733,CHRISTIANIA BALLKLUBB,,cbkfotball@gmail.com,,950 33 207,False,9.0,False
997580567,CLUB KANGAROO,,,,,False,,False
997603893,COWI BIL FREDRIKSTAD,,ster@cowi.com,,95075220,False,,False
997660226,CLAMO,clamo.net,brreg@clamo.net,,,False,,False
997680154,CLASSIC DRAGBIKE SCANDINAVIA,www.classicdragbike.net,classicdragbike@gmail.com,,902 31 216,False,,False
997703286,COGNACLOSJEN,,,,,False,,False
997750462,CARRERA TEATER,,afa@schat-harding.com,,977 32 925,False,,False
997867750,CROWE HORWATH OSLO BEDRIFTSIDRETTSLAG,,,22 94 30 00,,False,,False
997899407,CYKLEKLUBB VALEO,,helsveen@bbnett.no,,95936918,False,,False
997926625,CAFE GO-HANDA TEMPE,,,,911 66 549,False,,True
997946928,CREOBFO,,,55 21 62 56,,False,,False
997948319,CHC HEIKOPTER SERVICE AS OG HELI-ONE (NORWAY) AS PERSONALKLUBB,www.heli-one.no,,51 94 10 00,,False,,False
997977092,CISV SOGN OG FJORDANE,cisv.no/sognogfjordane/,sogn.fjordane@no.cisv.org,,944 39 329,False,,False
997986989,CITROEN FORHANDLERFORENING,,ola@skogenbil.no,,,False,,False
998097614,CHRISTIANIA BYGDEUNGDOMSLAG,facebook.com/ChristianiaBU,,,,False,,False
998127734,CECCHETTI NORGE,cecchettinorge.wordpress.com/,cecchettinorge@gmail.com,,98891726,False,,False
998238862,COLLEGIUM MEDIEVALE SOCIETY FOR MEDIEVAL RESEARCH,www.khm.uio.no/forskning/publikasjoner/colmed/society.htm,s.g.eriksen@iln.uio.no,,,False,,False
998245931,CLUB ROMANO,,,45 68 88 17,451 78 060,False,,False
998268893,CIRCLE K FORHANDLERFORENING VESTFOLD,,nlgu@circlekeurope.com,,916 64 411,False,,False
998308860,CAMERON SYSTEMS AS BEDRIFTSIDRETTSLAG,,,73 96 25 20,,False,,False
998320593,COOP NORGE HANDEL BEDRIFTSIDRETTSLAG GRORUD,,ken.johannessen@coop.no,22 89 95 95,,False,,False
998359910,COMMUNITAS LINJEFORENINGEN FOR SOSIALANTROPOLOGI VED NTNU,,sosant.ntnu@gmail.com,,481 55 753,False,,False
998378125,CIBUS - LINJEFORENINGEN FOR MATTEKNOLOGISK UTDANNING VED NTNU,,,,,False,,False
998384699,COWI STAVANGER BEDRIFTSLAG,,lefd@cowi.no,02694,452 10 280,False,,False
998388910,CAREFOUNTAIN,www.carefountain.org,info@carefountain.org,,938 49 994,False,,False
998393760,CMC MOTORFORENING,,,,,False,,False
998395100,CARAMICUS,caramicus.no,,,,False,,False
998418208,COWI BL KONGSBERG,,lita@cowi.no,,414 46 730,False,,False
998490189,CP-FORENINGEN AVD. FINNMARK,www.cp.no/om-oss/fylkeslag/finnmark/,leder.finnmark@cp.no,,900 17 938,False,,False
998564034,CELLEFORENINGEN 1412-2,,fossetra@c2i.nett,32 75 73 82,47372254,False,,False
998619793,CHILDREN IN MALABO,,,,004791994463,False,,False
998689082,CARDIOCLUB HALDEN,,torpaakula@gmail.com,,952 53 143,False,,False
998697832,CASEMODFORUMS,Casemodforums.com,contact@casemodforums.com,,417 65 473,False,,False
998794234,CISV OSLO LOKALLAG,www.cisvnorge.no,,,99 23 99 62,False,,False
998859646,COLUMBIEKLUBBEN,www.columbie.org,eefo@live.no,,90772720,False,,False
998904803,CADAALADA IYO HORUMARKA,,,,969 80 949,False,,False
998913063,COUNCIL OF IRANIANS IN NORWAY,,,,94121414,False,,False
998937183,CONVIVENCIA,,ratebhalabi@gmail.com,,,False,,False
998995221,CAFÉ NORDSØR,cafenordsor.org,cafe-nordsor-styret@list.stud.ntnu.no,,,False,,False
998995876,COMPASSION NORGE,www.compassion.no,info@compassion.no,23 62 26 90,,False,,False
999000169,CARGONET PERSONALFORENING REGION NORD,,,,,False,,False
999033075,CHEMIE FK - TRONDHEIM,,chemie.fk@gmail.com,,,False,,False
999070566,CFA SOCIETY NORWAY,www.cfasociety.org/norway/Pages/default.aspx,info@norway.cfasociety.org,,488 84 206,False,,False
999088759,CRYSTAL VOICES,,birwestg@online.no,,97757811,False,,False
999143253,CHARITYBIKERS,,,,,False,,False
999144705,CHARMEURSELSKABETS SALONGENSEMBLE,,,,,False,,False
999166709,COOPERAKTIV,,cooperaktiv@coop.no,,,False,,False
999174388,COWI BEDRIFTSLAG LILLEHAMMER,,ko@cowi.no,,,False,,False
999179436,CHERNOBYL STORK NORGE,,lgmarken@yahoo.com,,45 61 69 15,False,,False
999196276,CONGO NORD SUD,,congonordsud@yahoo.no,,468 06 327,False,,False
999260853,CHUBBY HAWKS,,sondre@riisjacobsen.no,,45140030,False,,False
999279953,CUBA UNIÓN,,cubaunion@cubaunion.no,,411 06 702,False,,False
999330436,COWI AS BEDRIFTSLAG KRISTIANSAND,www.cowi.no,wies@cowi.com,,40603514,False,,False
999330886,CHILDREN-BEEPS STØTTEFORENING,,ida.klove@ubiqaerospace.com,,994 36 869,False,,False
999335888,CK ØST,www.ckost.no,tor@jahren.eu,,971 23 483,False,,False
999339859,CORVETTE CLUB NORWAY AVD SØRLANDET,,rudolfcom2000@yahoo.no,,901 49 792,False,,False
999531822,CHILD PROJECT CHILE,,childprojectchile@gmail.com,,97 84 05 32,False,,False
999535704,CHILDRENS HOPE,,anneelise123@hotmail.com,,971 94 586,False,,False
999547184,CAVERION BERGEN B.I.L.,www.caverion.no,terje.sivertsen@caverion.com,55151600,90851685,False,,False
999572146,CHRISTIAN SURFERS NORWAY,www.christiansurfersnorway.com/,christiansurfersnorway@gmail.com,,47058888,False,,False
999614906,COFFEE AROUND THE WORLD,,,,,False,,False
999629687,CAMPUSTINGET I HARSTAD,www.campustinget.no,ctih@uit.no,77 05 81 40,,False,,False
